no;date_publish;province;source_web;url;key_word;date_access;species;kabupaten_m;quantity;news_publish;news_title;news_content
1;09/11/2019;sumatera utara;bbc_news;https://www.bbc.com/indonesia/indonesia-50342554;"babi ""mati"" ""sumatera utara"" ""2019""";09/10/2024;domestic;Dairi, Humbang Hasundutan, Deli Serdang, Medan, Karo, Toba Samosir, Serdang Bedagai, Tapanuli Utara, Tapanuli Tengah, Tapanuli Selatan, dan Samosir.;4682;;;
2;21/12/2019;sumatera utara;voa_indonesia;https://www.voaindonesia.com/a/demam-babi-afrika-mewabah-di-sumut-30-000-babi-mati/5213961.html;"babi ""mati"" ""sumatera utara"" ""2019""";09/10/2024;domestic;Dairi, Humbang Hasundutan, Deli Serdang, Karo, Toba Samosir, Tapanuli Utara, Tapanuli Tengah, Tapanuli Selatan, Samosir, Simalungun, Pakpak Bharat, Langkat, Tebing Tinggi, Pematang Siantar, Serdang Bedagai dan Medan;30000;;;
3;08/11/2019;sumatera utara;cnbc_indonesia;https://www.cnbcindonesia.com/news/20191108141410-4-113768/mirip-china-flu-babi-indikasi-serang-ribuan-babi-di-sumut;"babi ""mati"" ""sumatera utara"" ""2019""";09/10/2024;domestic;;4682;;;
4;07/11/2019;sumatera utara;kompas;https://www.kompas.id/baca/utama/2019/11/07/kolera-mewabah-lebih-dari-4-600-babi-mati-di-sumut/;"babi ""mati"" ""sumatera utara"" ""2019""";09/10/2024;domestic;;4600;;;
5;07/12/2019;sumatera utara;antara_sumbar;https://sumbar.antaranews.com/berita/311600/22985-ekor-babi-mati-di-sumut-akibat-virus-kolera-babi;"babi ""mati"" ""sumatera utara"" ""2019""";09/10/2024;domestic;Dairi, Humbang Hasundutan, Deli Serdang, Medan, Karo, Toba Samosir, Serdang Bedagai, Tapanuli Utara, Tapanuli Tengah, Tapanuli Selatan, Samosir, Simalungun, Pakpak Bharat, Tebing Tinggi, Siantar, dan Langkat;22985;;;
6;07/12/2019;sumatera utara;kompas;https://www.kompas.id/baca/utama/2019/12/07/kematian-ternak-akibat-demam-babi-afrika-masih-terjadi-di-sumut;"babi ""mati"" ""sumatera utara"" ""2019""";09/10/2024;domestic;;23000;;;
7;26/12/2019;sumatera utara;cnbc_indonesia;https://www.cnbcindonesia.com/news/20191226184808-4-125866/wabah-flu-babi-serang-sumut-sudah-mengkhawatirkan;"babi ""mati"" ""sumatera utara"" ""2019""";09/10/2024;domestic;;27070;;;
8;09/10/2019;sumatera utara;antara;https://www.antaranews.com/berita/1104284/puluhan-ternak-babi-mati-mendadak-di-tapanuli-utara;"babi ""mati"" ""sumatera utara"" ""2019""";09/10/2024;domestic;tapanuli utara;;;;
9;10/11/2019;sumatera utara;kompas;https://sains.kompas.com/read/2019/11/10/170300323/4.682-babi-di-sumut-mati-karena-penyakit-hog-cholera-apa-itu-?page=all;"babi ""mati"" ""sumatera utara"" ""2019""";09/10/2024;domestic;;4682;;;
10;27/12/2019;sumatera utara;cnbc_indonesia;https://www.cnbcindonesia.com/news/20191227135211-4-126035/flu-babi-kepung-sumut-jutaan-babi-di-ri-harus-diselamatkan;"babi ""mati"" ""sumatera utara"" ""2019""";09/10/2024;domestic;;27070;;;
11;09/12/2019;sumatera utara;kompas;https://www.kompas.id/baca/nusantara/2019/12/09/peternak-babi-sumut-tunggu-sikap-pemerintah;"babi ""mati"" ""sumatera utara"" ""2019""";09/10/2024;domestic;;;;;
12;06/12/2019;sumatera utara;kompas;https://sains.kompas.com/read/2019/12/06/193200323/apa-itu-african-swine-fever-penyebab-kematian-20.500-babi-di-sumut-?page=all;"babi ""mati"" ""sumatera utara"" ""2019""";09/10/2024;domestic;;20500;;;
13;11/11/2019;sumatera utara;antara_jateng;https://jateng.antaranews.com/berita/274660/ribuan-babi-mati-akibat-virus-kolera;"babi ""mati"" ""sumatera utara"" ""2019""";09/10/2024;domestic;;5800;;;
14;31/12/2019;sumatera utara;cnbc_indonesia;https://www.cnbcindonesia.com/news/20191231142801-4-126708/flu-babi-teror-sumut-bagaimana-pasokan-babi-di-nataru;"babi ""mati"" ""sumatera utara"" ""2019""";09/10/2024;domestic;;27070;;;
15;08/11/2019;sumatera utara;kompas;https://www.kompas.id/baca/nusantara/2019/11/08/wabah-kolera-babi-pukul-peternakan-rakyat-di-sumut;"babi ""mati"" ""sumatera utara"" ""2019""";09/10/2024;domestic;Desa Helvetia, Kecamatan Sunggal, Kabupaten Deli Serdang;20;;;
16;27/12/2019;sumatera utara;cnbc_indonesia;https://www.cnbcindonesia.com/news/20191227135036-4-126034/teror-flu-babi-yang-menakutkan-dan-ancaman-ekspor-ri;"babi ""mati"" ""sumatera utara"" ""2019""";09/10/2024;domestic;;27070;;;
17;27/12/2019;sumatera utara;cnbc_indonesia;https://www.cnbcindonesia.com/news/20191227165006-4-126131/teror-flu-babi-amit-amit-ri-senasib-seperti-china;"babi ""mati"" ""sumatera utara"" ""2019""";09/10/2024;domestic;;27070;;;
18;27/12/2019;sumatera utara;kompas;https://www.kompas.id/baca/utama/2019/12/20/daerah-wabah-demam-babi-afrika-bertambah;"babi ""mati"" ""sumatera utara"" ""2019""";09/10/2024;domestic;;;;;
19;25/12/2019;sumatera utara;cnbc_indonesia;https://www.cnbcindonesia.com/news/20191225152832-4-125564/kena-virus-mematikan-babi-ri-haram-masuk-malaysia;"babi ""mati"" ""sumatera utara"" ""2019""";09/10/2024;domestic;Dairi, Humbang Hasundutan, Deli Serdang, Karo, Toba Samosir, Tapanuli Utara, Tapanuli Tengah, Tapanuli Selatan, Samosir, Simalungun, Pakpak Bharat, Langkat, Tebing Tinggi, Pematang Siantar, dan Medan.;27070;;;
20;23/10/2019;sumatera utara;kumparan;https://kumparan.com/sumutnews/1-985-ekor-ternak-babi-di-sumut-terserang-virus-hog-cholera-1s71sNaT3KF;"babi ""mati"" ""sumatera utara"" ""2019""";10/10/2024;domestic;Dairi, Humbang Hasudutan, Toba Samosir, Tapanuli Utara, Karo, Deli Serdang dan Serdang Bedagai;1985;;;
21;07/11/2019;sumatera utara;tirto;https://tirto.id/apa-itu-virus-hog-cholera-yang-sebabkan-4682-babi-mati-di-sumut-elgW;"babi ""mati"" ""sumatera utara"" ""2019""";10/10/2024;domestic;;4682;;;
22;07/12/2019;sumatera barat;sindo_news;https://daerah.sindonews.com/berita/1466286/174/13-bangkai-babi-terkena-hog-cholera-ditimbun-di-tebing-tinggi;"babi ""mati"" ""jawa barat"" ""2019""";10/10/2024;domestic;tebing tinggi, kecamatan padang hilir;13;cholera;;
23;04/11/2019;sumatera utara;tribun_medan;https://medan.tribunnews.com/2019/11/04/seribuan-babi-mati-di-deliserdang-terbanyak-di-kecamatan-hamparanperak-dan-percut;"babi ""mati"" ""jawa tengah"" ""2019""";10/10/2024;domestic;Kecamatan Hamparanperak dan Percut;1311;;;
24;09/10/2019;sumatera utara;tribun_medan;https://medan.tribunnews.com/2019/10/09/kolera-babi-serang-ternak-warga-tarutung-siatas-barita-babi-menggigil-lalu-mati;"babi ""mati"" ""jawa tengah"" ""2019""";10/10/2024;domestic;Kecamatan Tarutung dan Kecamatan Siatas Barita, Kabupaten Tapanuli Utara;40;;;
25;15/10/2019;sumatera utara;tagar;https://www.tagar.id/700an-babi-mati-diserang-virus-aneh-di-dairi;"babi ""mati"" ""jawa tengah"" ""2019""";10/10/2024;domestic;Kabupaten Dairi, Provinsi Sumatra Utara;;;;
26;23/10/2019;sumatera utara;tagar;https://www.tagar.id/derita-peternak-babi-di-dairi;"babi ""mati"" ""yogyakarta"" ""2019""";10/10/2024;domestic;Kabupaten Dairi, Provinsi Sumatra Utara;;;;
27;27/12/2019;bali;antara;https://www.antaranews.com/berita/1225899/pemprov-bali-petakan-25-titik-berisiko-terkena-virus-demam-babi-afrika;"babi ""mati"" ""bali"" ""2019""";10/10/2024;domestic;indicate: Denpasar (140 peternak), Kabupaten Badung (44 peternak), Bangli (9), Buleleng (4), Gianyar (3), Jembrana (66), Karangasem (12), Klungkung (28), dan Tabanan (3 peternak);;;;
28;11/12/2019;bali;tribun_bali;https://bali.tribunnews.com/2019/12/11/beredar-info-8-ekor-babi-mati-mendadak-di-denpasar-begini-kata-kadis-pertanian-kota-denpasar;"babi ""mati"" ""bali"" ""2019""";14/10/2024;domestic;denpasar;8;;;
29;08/10/2019;sulawesi utara;kumparan;https://kumparan.com/manadobacirita/100-ternak-babi-mati-mendadak-di-minahasa-dalam-3-bulan-1s0y657fN1W;"babi ""mati"" ""sumatera utara"" ""2020""";14/10/2024;domestic;Kabupaten Minahasa, Sulawesi Utara;100;;;
30;06/12/2021;sumatera barat;haluan_padang;https://padang.harianhaluan.com/reportase/pr-1062071127/flu-babi-afrika-pernah-tercatat-di-pasaman-pada-desember-2019-berikut-kronologinya;"babi ""mati"" ""sumatera utara"" ""2020""";14/10/2024;domestic;Nagari Panti, Kecamatan Panti, Kabupaten Pasaman;205;;;
31;13/02/2020;sumatera utara;antara;https://www.antaranews.com/berita/1294410/sudah-48-ribu-babi-mati-di-sumut-akibat-hog-cholera-dan-asf;"babi ""mati"" ""sumatera utara"" ""2020""";14/10/2024;domestic;;48000;;;
32;22/02/2020;sumatera utara;cnn_indonesia;https://www.cnnindonesia.com/nasional/20200222151809-20-477086/47-ribu-babi-mati-karena-asf-sumut-minta-bantuan-pusat;"babi ""mati"" ""sumatera utara"" ""2020""";14/10/2024;domestic;;47143;;;
33;10/03/2020;sumatera barat;kompas;https://www.kompas.id/baca/nusantara/2020/03/10/sedikitnya-7-500-babi-di-mentawai-mati-akibat-asf;"babi ""mati"" ""sumatera utara"" ""2020""";14/10/2024;domestic;Pulau Sipora, Kepulauan Mentawai, Sumatera Barat;7500;;;
34;04/02/2020;bali;cnn_indonesia;https://www.cnnindonesia.com/teknologi/20200204104837-199-471431/ribuan-mati-di-bali-flu-babi-disebut-susah-jangkiti-manusia;"babi ""mati"" ""sumatera utara"" ""2020""";14/10/2024;domestic;;1191;;;
35;21/02/2020;ntt;kompas;https://www.kompas.id/baca/nusantara/2020/02/21/ribuan-babi-mati-di-empat-kabupaten-kota-di-ntt;"babi ""mati"" ""sumatera utara"" ""2020""";14/10/2024;domestic;Kabupaten Belu, Timor Tengah Utara, Kabupaten Kupang, dan Kota Kupang.;1076;;;
36;03/07/2020;sumatera selatan;antara_sumsel;https://sumsel.antaranews.com/berita/482414/ratusan-ternak-babi-mati-mendadak-di-kota-palembang-diduga-terserang-demam-afrika;"babi ""mati"" ""sumatera utara"" ""2020""";14/10/2024;domestic;kawasan talang buruk kecamatan alang-alang lebar;878;;;
37;05/02/2020;bali;kompas;https://www.kompas.id/baca/nusantara/2020/02/05/demam-babi-afrika-merebak-di-bali;"babi ""mati"" ""sumatera utara"" ""2020""";14/10/2024;domestic;Kota Denpasar, Kabupaten Badung, Tabanan, Gianyar, Karangasem, dan Bangli. Sementara dari Kabupaten Jembrana, Klungkung, dan Buleleng;888;;;
38;14/07/2020;sumatera selatan;kompas;https://www.kompas.id/baca/nusantara/2020/07/14/virus-asf-ditemukan-pada-sampel-daging-babi-di-pasar-palembang;"babi ""mati"" ""sumatera utara"" ""2020""";14/10/2024;domestic;Palembang, Sumatera Selatan;1;;;
39;04/02/2020;bali;cnbc_indonesia;https://www.cnbcindonesia.com/news/20200204163329-4-135187/virus-misterius-diduga-picu-kematian-seribuan-babi-di-bali;"babi ""mati"" ""sumatera utara"" ""2020""";14/10/2024;domestic;;1191;;;
40;21/01/2020;bali;bali_bisnis;https://bali.bisnis.com/read/20200121/537/1192605/sedikitnya-179-babi-mati-di-badung-balai-veteriner-kirim-sampel-ke-medan;"babi ""mati"" ""sumatera utara"" ""2020""";14/10/2024;domestic;badung, bali;179;;;
41;11/02/2020;sumatera utara;analisadaily;https://analisadaily.com/berita/baca/2020/02/11/1002119/akibat-hog-cholera-dan-asf-46-600-ekor-babi-mati-di-sumut/;"babi ""mati"" ""sumatera utara"" ""2020""";14/10/2024;domestic;;46600;;;
42;05/07/2020;sumatera selatan;kompas;https://www.kompas.com/sains/read/2020/07/05/080200723/apa-itu-african-swine-fever-penyebab-878-babi-di-palembang-mati-mendadak-?page=all;"babi ""mati"" ""sumatera utara"" ""2020""";14/10/2024;domestic;Talang Buruk, Palembang;878;;;
43;13/03/2020;ntt;tirto;https://tirto.id/4888-ekor-babi-di-pulau-timor-ntt-mati-terserang-virus-flu-afrika-eENY#google_vignette;"babi ""mati"" ""sumatera utara"" ""2020""";14/10/2024;domestic;Pulau Timor, Nusa Tenggara Timur;4888;;;
44;28/04/2020;bali;tribun;https://www.tribunnews.com/regional/2020/04/28/17-ribu-ekor-babi-mati-mendadak-di-tabanan-bali;"babi ""mati"" ""sumatera utara"" ""2020""";14/10/2024;domestic;Kecamatan Selemadeg Timur, Tabanan, Bali;17159;;;
45;30/04/2020;sumatera utara;medan_bisnis;https://medanbisnisdaily.com/news/online/read/2020/04/30/106998/wabah_penyakit_babi_meluas_100_ekor_mati_mendadak_di_kota_gunungsitoli/;"babi ""mati"" ""sumatera utara"" ""2020""";14/10/2024;domestic;Kecamatan Gunungsitoli Idanoi, Gunungsitoli Selatan dan Gunungsitoli Utara;100;;;
46;01/02/2020;bali;tribun_bali;https://bali.tribunnews.com/2020/02/01/jerit-perih-peternak-babi-di-bali?page=all;"babi ""mati"" ""sumatera utara"" ""2020""";14/10/2024;domestic;Kota Denpasar 54 ekor, Kabupaten Badung 564 ekor, Gianyar 36 ekor dan Tabanan 527 ekor;Kota Denpasar 54 ekor, Kabupaten Badung 564 ekor, Gianyar 36 ekor dan Tabanan 527 ekor;;;
47;26/02/2020;ntt;tribun_jateng;https://jateng.tribunnews.com/2020/02/26/ratusan-babi-di-peternakan-warga-mendadak-mati-penyebabnya-masih-misteri;"babi ""mati"" ""sumatera utara"" ""2020""";14/10/2024;domestic;Kota Kupang, Nusa Tenggara Timur;221;;;
48;05/02/2020;bali;trenasia;https://www.trenasia.com/ratusan-babi-di-bali-mati-mendadak-pemerintah-segera-investigasi;"babi ""mati"" ""sumatera utara"" ""2020""";14/10/2024;domestic;;800;;;
49;10/03/2020;sumatera barat;kompas;https://www.kompas.id/baca/nusantara/2020/03/10/sedikitnya-7-500-babi-di-mentawai-mati-akibat-asf;"babi ""mati"" ""sumatera barat"" ""2020""";14/10/2024;domestic;Pulau Sipora, Kepulauan Mentawai, Sumatera Barat;7500;;;
50;24/02/2020;sumatera barat;okezone;https://news.okezone.com/read/2020/02/24/340/2173092/6-babi-di-mentawai-mati-diduga-terserang-virus-asf;"babi ""mati"" ""sumatera barat"" ""2020""";14/10/2024;domestic; Sipora, Kabupaten Kepulauan Mentawai, Sumatera Barat;6000;;;
51;11/03/2020;sumatera barat;liputan6;https://www.liputan6.com/regional/read/4198918/virus-babi-afrika-mewabah-di-mentawai-ribuan-babi-mati-mendadak;"babi ""mati"" ""sumatera barat"" ""2020""";14/10/2024;domestic;Pulau Sipora Mentawai, Kabupaten Kepulauan Mentawai, Sumatera Barat;7500;;;
52;29/04/2020;ntt;riausky;https://riausky.com/news/detail/49686/bukan-corona-6998-ekor-babi-di-pulau-timor-ntt-mati-karena-virus-afrika.html;"babi ""mati"" ""riau"" ""2020""";14/10/2024;domestic;Pulau Timor, Kupang, Nusa Tenggara Timur;6998;;;
53;31/01/2020;bali;tribun_bali;https://bali.tribunnews.com/2020/01/31/kematian-babi-mendadak-di-bali-kini-merambat-ke-gianyar-36-ekor-mati-secara-misterius-di-sukawati;"babi ""mati"" ""riau"" ""2020""";14/10/2024;domestic;Kabupaten Gianyar, Bali;36;;;
54;03/07/2020;sumatera selatan;antara_bengkulu;https://bengkulu.antaranews.com/berita/112550/ratusan-babi-mati-mendadak-di-palembang-diduga-terserang-asf;"babi ""mati"" ""bengkulu"" ""2020""";14/10/2024;domestic;kawasan Talang Buruk Kecamatan Alang-Alang Lebar Kota Palembang;878;;;
55;11/02/2020;bali;antara_bengkulu;https://bengkulu.antaranews.com/berita/93354/888-babi-mati-dalam-sebulan-terakhir-di-bali-kementan-beri-penjelasan?&m=false;"babi ""mati"" ""bengkulu"" ""2020""";14/10/2024;domestic;Kabupaten Badung, Bangli, Buleleng, Denpasar, Gianyar, dan Tabanan;888;;;
56;11/07/2020;sumatera selatan;antara_bengkulu;https://bengkulu.antaranews.com/berita/113882/878-babi-mati-di-palembang-positif-demam-afrika?&m=false;"babi ""mati"" ""bengkulu"" ""2020""";14/10/2024;domestic;kawasan Talang Buruk Palembang;878;;;
57;12/07/2020;sumatera selatan;sumatra_bisnis;https://sumatra.bisnis.com/read/20200712/533/1264728/878-ekor-ternak-babi-mati-di-palembang-positif-terserang-demam-afrika;"babi ""mati"" ""lampung"" ""2020""";14/10/2024;domestic;kawasan Talang Buruk Palembang;878;;;
58;04/07/2020;sumatera selatan;inews_sumsel;https://sumsel.inews.id/berita/878-babi-ternak-di-palembang-mati-mendadak-diduga-terjangkit-demam-babi-afrika;"babi ""mati"" ""lampung"" ""2020""";14/10/2024;domestic;kawasan Talang Buruk, Kecamatan Alang-Alang Lebar, Palembang, Sumatera Selatan;878;;;
59;04/07/2020;sumatera selatan;sripoku;https://palembang.tribunnews.com/2020/07/04/ada-ratusan-babi-mati-apa-beda-flu-babi-dengan-demam-babi-afrika-berikut-penjelasan-pdhi-sumsel;"babi ""mati"" ""lampung"" ""2020""";14/10/2024;domestic;kawasan Talang Buruk, Kecamatan Alang-alang Lebar, Palembang;878;;;
60;30/10/2020;ntt;metro7;https://metro7.co.id/nasional/nusa-tenggara-timur-ntt/ratusan-babi-mati-terkapar-diduga-terpapar-bakteri-streptococcus/2020/;"babi ""mati"" ""bangka belitung"" ""2020""";14/10/2024;domestic;Dusu Weto, Desa Galang, Kecamatan Welak, Kabupaten Manggarai Barat, Flores, Nusa Tenggara Timur;100;;;
61;25/02/2020;bali;tribun_bali;https://bali.tribunnews.com/2020/02/25/116-ekor-babi-pt-abs-di-buleleng-juga-mati-masyarakat-diminta-tak-resah?page=1;"babi ""mati"" ""bangka belitung"" ""2020""";14/10/2024;domestic;PT Anugrah Bersama Sukses (ABS) di Desa Bila, Kubutambahan;116;;;
62;11/02/2020;bali;antara_gorontalo;https://gorontalo.antaranews.com/berita/101946/kementan-temukan-888-ekor-babi-mati-di-bali-dalam-satu-bulan;"babi ""mati"" ""jakarta"" ""2020""";14/10/2024;domestic;Kabupaten Badung, Bangli, Buleleng, Denpasar, Gianyar, dan Tabanan;888;;;
63;29/04/2020;ntt;detik;https://news.detik.com/berita/d-4996634/ancaman-flu-babi-afrika-bikin-peternak-rugi-di-kala-pandemi;"babi ""mati"" ""jakarta"" ""2020""";14/10/2024;domestic;;6998;;;
64;04/07/2020;ntt;ayojakarta;https://www.ayojakarta.com/nasional/pr-76753366/22-Ribu-Babi-Mati-Diserang-Virus-ASF;"babi ""mati"" ""jakarta"" ""2020""";14/10/2024;domestic;;22000;;;
65;29/04/2020;ntt;detik;https://news.detik.com/berita/d-4995508/6-998-ekor-babi-di-pulau-timor-ntt-mati-akibat-virus-asf;"babi ""mati"" ""jakarta"" ""2020""";14/10/2024;domestic;;6998;;;
66;04/07/2020;ntt;antara_ntt;https://kupang.antaranews.com/berita/35186/puluhan-ribu-ternak-babi-di-ntt-mati-terserang-virus-asf;"babi ""mati"" ""jakarta"" ""2020""";14/10/2024;domestic;;22000;;;
67;29/04/2020;ntt;kompas;https://regional.kompas.com/read/2020/04/29/09384711/6998-ekor-babi-di-pulau-timor-ntt-mati-diserang-virus-asf?page=all;"babi ""mati"" ""jakarta"" ""2020""";14/10/2024;domestic;;6998;;;
68;22/01/2020;bali;nusabali;https://www.nusabali.com/berita/67475/puluhan-babi-mati-mendadak-di-jegu;"babi ""mati"" ""jakarta"" ""2020""";14/10/2024;domestic;Desa Jegu, Kecamatan Penebel, Tabanan;50;;;
69;04/02/2020;bali;kilasbali;https://www.kilasbali.com/2020/02/04/diduga-asf-kasus-kematian-babi-capai-888-ekor/;"babi ""mati"" ""jakarta"" ""2020""";14/10/2024;domestic;Badung yakni sebanyak 598 ekor, disusul Tabanan 219, Denpasar 45, dan Gianyar 24, serta Bangli dan Karangasem masing-masing satu ekor;888;;;
70;03/07/2020;sumatera selatan;pikiranrakyat_depok;https://depok.pikiran-rakyat.com/nasional/pr-09584854/diduga-terserang-demam-babi-afrika-ratusan-babi-di-sumatra-mati-mendadak?page=all;"babi ""mati"" ""jakarta"" ""2020""";14/10/2024;domestic;kawasan Talang Buruk, Kecamatan Alang-Alang Lebar, Kota Palembang.;878;;;
71;11/07/2020;sumatera selatan;liputan6;https://www.liputan6.com/regional/read/4302822/ratusan-babi-di-palembang-mati-mendadak-dengan-gejala-demam-tinggi;"babi ""mati"" ""jawa barat"" ""2020""";15/10/2024;domestic;kawasan Talang Buruk Palembang;878;;;
72;16/07/2020;ntt;regional_kontan;https://regional.kontan.co.id/news/sebanyak-2000-babi-di-sumba-timur-mati-diduga-karena-terserang-flu-babi-afrika;"babi ""mati"" ""jawa barat"" ""2020""";15/10/2024;domestic;Kecamatan Lewa tercatat dengan angka kematian tertinggi berdasarkan data yang ada di Dinas Peternakan Sumba Timur. Kemudian, disusul Kecamatan Kota Waingapu, Kecamatan Kambera, Kecamatan Wulla Waijelu, dan beberapa kecamatan lainnya;2000;;;
73;14/01/2021;ntt;media_indonesia;https://mediaindonesia.com/nusantara/376913/100-ekor-babi-mati-mendadak-di-sikka-diduga-terpapar-virus-afrika;"babi ""mati"" ""jawa barat"" ""2020""";15/10/2024;domestic;Kecamatan Koting dan Nelle;100;;;
74;31/03/2020;bali;okezone;https://news.okezone.com/read/2020/03/31/244/2191818/jumlah-babi-mati-di-jembrana-bali-terus-bertambah;"babi ""mati"" ""jawa barat"" ""2020""";15/10/2024;domestic;lima kecamatan, Kabupaten Jembrana;272;;;
75;21/02/2020;ntt;tribun_jabar;https://jabar.tribunnews.com/2020/02/21/bukan-virus-corona-ratusan-ekor-babi-di-ntt-mati-mendadak-ini-dugaan-2-penyakit-yang-menyerangnya?page=1;"babi ""mati"" ""jawa barat"" ""2020""";15/10/2024;domestic;Kabupaten TTU;120;;;
76;03/03/2020;ntt;tribun_kupang;https://kupang.tribunnews.com/2020/03/03/belasan-ekor-ternak-babi-di-kangae-sikka-mati;"babi ""mati"" ""jawa barat"" ""2020""";15/10/2024;domestic;Desa Habi dan Desa Langir di Kecamatan Kangae, Kabupaten Sikka, Pulau Flores;;;;
77;31/01/2020;bali;tribun_bali;https://bali.tribunnews.com/2020/01/31/kematian-babi-mendadak-di-bali-kini-merambat-ke-gianyar-36-ekor-mati-secara-misterius-di-sukawati?page=all;"babi ""mati"" ""jawa barat"" ""2020""";15/10/2024;domestic;kabupaten Gianyar;36;;;
78;20/02/2020;bali;tribun_bali;https://bali.tribunnews.com/2020/02/20/babi-tiba-tiba-sakit-dan-kejang-kejang-babi-mati-mendadak-di-tenganan-pegringsingan-karangasem;"babi ""mati"" ""jawa barat"" ""2020""";15/10/2024;domestic;Desa Tenganan, Kecamatan Manggis, Karangasem, Bali,;;;;
79;14/01/2020;sumatera utara;tribun_medan;https://medan.tribunnews.com/2020/01/14/ternak-babi-mati-karena-virus-di-dairi-sudah-tembus-12-ribu;"babi ""mati"" ""jawa barat"" ""2020""";15/10/2024;domestic;Kabupaten Dairi, Provinsi Sumatra Utara;12668;;;
80;11/02/2020;bali;antara_jateng;https://jateng.antaranews.com/berita/290582/kementerian-pertanian-888-babi-mati-di-bali-dalam-1-bulan-terakhir;"babi ""mati"" ""jawa tengah"" ""2020""";15/10/2024;domestic;Kabupaten Badung, Bangli, Buleleng, Denpasar, Gianyar, dan Tabanan;888;;;
81;28/04/2020;ntt;suara;https://www.suara.com/bisnis/2020/04/28/173000/ribuan-babi-di-pulau-timor-mati-akibat-virus-asf;"babi ""mati"" ""jawa tengah"" ""2020""";15/10/2024;domestic;pulau timor;6998;;;
82;26/07/2020;ntt;sindo_news;https://daerah.sindonews.com/read/113672/174/diserang-virus-asf-ribuan-babi-di-sumba-timur-mati-1595740076;"babi ""mati"" ""jawa tengah"" ""2020""";15/10/2024;domestic;Sumba Timur, NTT;;;;
83;14/07/2020;ntt;tribun_banyumas;https://banyumas.tribunnews.com/2020/07/14/ratusan-babi-ternak-mati-mendadak-kementan-utus-tim-ke-kabupaten-sikka-terliti-flu-babi;"babi ""mati"" ""jawa tengah"" ""2020""";15/10/2024;domestic;Kabupaten Sikka, Nusa Tenggara Timur;;;;
84;04/01/2021;jawa tengah;solopos;https://solopos.espos.id/puluhan-babi-di-klaten-mati-mendadak-terserang-virus-yang-belum-ada-obatnya-1100488;"babi ""mati"" ""jawa tengah"" ""2020""";15/10/2024;domestic;Klaten;;;;
85;05/02/2020;bali;tribun_bali;https://bali.tribunnews.com/2020/02/05/tak-mau-makan-bengong-tiga-hari-9-ekor-babi-milik-peternak-di-denpasar-ini-akhirnya-mati;"babi ""mati"" ""jawa tengah"" ""2020""";15/10/2024;domestic;denpasar;9;;;
86;27/02/2020;ntt;tempo;https://tekno.tempo.co/read/1313113/virus-african-swine-fever-serang-babi-di-ntt-90-induk-mati#google_vignette;"babi ""mati"" ""jawa timur"" ""2020""";15/10/2024;domestic;Kelurahan Tarus, Kabupaten Kupang;90;;;
87;11/05/2020;bali;tribun_bali;https://bali.tribunnews.com/2020/05/11/kasus-babi-mati-mendadak-di-karangasem-terus-terjadi-hingga-kini-gejala-kematian-hampir-sama;"babi ""mati"" ""jawa timur"" ""2020""";15/10/2024;domestic;Karangasem seperti Desa Abang, Tumbu, Bugbug, Ababi,  Tenganan  Pegringsingan, dan desa lain;350 sampai 400;;;
88;29/04/2020;ntt;tribun_aceh;https://aceh.tribunnews.com/2020/04/29/6998-ekor-babi-di-pulau-timor-ntt-mati-diserang-virus-asf-atau-flu-babi;"babi ""mati"" ""jawa timur"" ""2020""";15/10/2024;domestic;Pulau Timor, Nusa Tenggara Timur;6998;;;
89;12/06/2021;kalimantan utara;antara_jatim;https://jatim.antaranews.com/berita/493334/ratusan-babi-hutan-ditemukan-mati-di-kaltara-diduga-terserang-demam-babi-afrika?&m=false;"babi ""mati"" ""jawa timur"" ""2020""";15/10/2024;wild;Kecamatan Peso sebanyak 40 ekor, Kecamatan Mentarang Hulu sebanyak 65 ekor dan Kecamatan Krayan sebanyak 24 ekor;129;;;
90;16/07/2020;ntt;tribun;https://www.tribunnews.com/regional/2020/07/16/469-ekor-babi-di-ende-mati-kena-flu-babi-afrika-alami-demam-hingga-keluar-cairan-dari-dubur;"babi ""mati"" ""jawa timur"" ""2020""";15/10/2024;domestic;Kabupaten Ende, NTT,;469;;;
91;21/01/2020;bali;tribun_bali;https://bali.tribunnews.com/2020/01/21/puluhan-babi-mati-di-desa-jebu-bali-ciri-bintik-bintik-merah-mirip-demam-babi-afrika;"babi ""mati"" ""jawa timur"" ""2020""";15/10/2024;domestic;Desa Jegu Kecamatan Penebel, Tabanan, Bali;;;;
92;20/01/2020;bali;tribun_bali;https://bali.tribunnews.com/2020/01/20/sentra-ternak-di-wilayah-bali-ini-keluhkan-banyak-babi-mati-dinas-langsung-cek-laboratorium;"babi ""mati"" ""jawa timur"" ""2020""";15/10/2024;domestic;Desa Tangeb, Bongkasa, Sedang, Jagapati, dan beberapa wilayah lainnya;;;;
93;03/02/2020;bali;cnbc_indonesia;https://www.cnbcindonesia.com/news/20200203180742-4-134887/misterius-1191-babi-mati-mendadak-di-bali-ada-apa;"babi ""mati"" ""bali"" ""2020""";15/10/2024;domestic;Kabupaten Tabanan 537 ekor, Kota Denpasar 54 ekor, dan Kabupaten Gianyar 36 ekor.;637;;;
94;30/01/2020;bali;detik;https://news.detik.com/berita/d-4879188/564-babi-di-badung-bali-mendadak-mati;"babi ""mati"" ""bali"" ""2020""";15/10/2024;domestic;;564;;;
95;03/02/2020;bali;kompas;https://regional.kompas.com/read/2020/02/03/14544831/kurun-3-pekan-357-ekor-babi-mati-misterius-di-bali;"babi ""mati"" ""bali"" ""2020""";15/10/2024;domestic;;357;;;
96;04/02/2020;bali;cnbc_indonesia;https://www.cnbcindonesia.com/news/20200204193506-4-135270/seribuan-babi-di-bali-mati-mendadak-harga-daging-babi-anjlok;"babi ""mati"" ""bali"" ""2020""";15/10/2024;domestic;9 kota dan kabupaten;1191;;;
97;05/02/2020;bali;kompas;https://regional.kompas.com/read/2020/02/05/14263921/uji-lab-ungkap-ratusan-babi-di-bali-mati-akibat-virus-demam-babi-afrika;"babi ""mati"" ""bali"" ""2020""";15/10/2024;domestic;Badung 598 ekor, Bangli 1 ekor, Denpasar 45 ekor, Gianyar 24 ekor, Karangasem 1 ekor dan Tabanan 219 ekor;;;;
98;06/02/2020;bali;antara_bali;https://bali.antaranews.com/berita/179159/tiga-babi-peternak-jembrana-mati-mendadak;"babi ""mati"" ""bali"" ""2020""";15/10/2024;domestic;dusun biluk poh kangin, kelurahan tegalcangkting, kecamatan mendoyo, kabupaten jembrana;3;;;
99;06/03/2020;bali;berita_bali;https://www.beritabali.com/berita/202003060007/jumlah-babi-mati-di-bali-dekati-angka-3000-ekor;"babi ""mati"" ""bali"" ""2020""";15/10/2024;domestic;Terbanyak di Badung 903 kasus babi mati, Tabanan 813, Gianyar 379, Buleleng 365, Denpasar 193, Karangasem 75, Klungkung 12, dan Bangli 64;564;;;
100;25/02/2020;bali;berita_bali;https://www.beritabali.com/berita/202002250008/116-babi-dilaporkan-mati-di-desa-bila-kubutambahan;"babi ""mati"" ""bali"" ""2020""";15/10/2024;domestic;Desa Bila, Kecamatan Kubutambahan, Buleleng;116;;;
101;20/02/2020;bali;tribun_bali;https://bali.tribunnews.com/2020/02/20/babi-tiba-tiba-sakit-dan-kejang-kejang-babi-mati-mendadak-di-tenganan-pegringsingan-karangasem?page=all;"babi ""mati"" ""bali"" ""2020""";15/10/2024;domestic;Desa Tenganan, Kecamatan Manggis, Karangasem, Bali;;;;
102;22/02/2020;bali;suara;https://www.suara.com/bisnis/2020/02/22/122732/diserang-virus-aneh-ratusan-babi-di-ntt-mati;"babi ""mati"" ""nusa tenggara timur"" ""2020""";15/10/2024;domestic; Pulau Timor Nusa Tenggara Timur;;;;
103;02/03/2020;ntt;kompas;https://regional.kompas.com/read/2020/03/02/12213411/babi-yang-mati-karena-asf-di-kabupaten-belu-ntt-bertambah-jadi-753-ekor;"babi ""mati"" ""nusa tenggara timur"" ""2020""";15/10/2024;domestic;Kabupaten Belu, Nusa Tenggara Timur;753;;;
104;19/07/2020;ntt;kompas;https://regional.kompas.com/read/2020/07/19/10174731/24822-ternak-babi-di-ntt-mati-akibat-virus-asf?page=all;"babi ""mati"" ""nusa tenggara timur"" ""2020""";15/10/2024;domestic;Kabupaten Belu sebanyak 6.919 ekor, disusul Kabupaten Timor Tengah Selatan yakni 3.030 ekor, Kabupaten Kupang 2.797 ekor, Kabupaten Sumba Barat 2.679, Kabupaten Rote Ndao 2.327 ekor, Kabupaten Sumba Barat Daya 2.046 ekor;24822;;;
105;25/02/2020;ntt;kompas;https://regional.kompas.com/read/2020/02/25/18040661/terkena-virus-flu-babi-afrika-574-babi-mati-di-belu;"babi ""mati"" ""nusa tenggara timur"" ""2020""";15/10/2024;domestic;Kabupaten Belu, Nusa Tenggara Timur;574;;;
106;03/07/2020;ntt;antara;https://www.antaranews.com/berita/1588646/kematian-babi-di-ntt-akibat-virus-asf-capai-22000-an;"babi ""mati"" ""nusa tenggara timur"" ""2020""";15/10/2024;domestic;;22000;;;
107;28/02/2020;ntt;kompas;https://regional.kompas.com/read/2020/02/28/16563741/ternak-babi-yang-mati-di-kabupaten-ttu-bertambah-menjadi-912-ekor;"babi ""mati"" ""nusa tenggara timur"" ""2020""";15/10/2024;domestic;Timor Tengah Utara (TTU), Nusa Tenggara Timur,;912;;;
108;16/07/2020;ntt;kompas;https://regional.kompas.com/read/2020/07/16/21311511/6919-ternak-babi-mati-diserang-virus-asf-pemkab-belu-harap-bantuan-segera;"babi ""mati"" ""nusa tenggara timur"" ""2020""";15/10/2024;domestic;Kabupaten Belu, Nusa Tenggara Timur;6919;;;
109;16/07/2020;ntt;tribun_wow;https://wow.tribunnews.com/2020/07/16/ribuan-ternak-babi-di-sumba-timur-mati-diduga-terserang-flu-babi-afrika;"babi ""mati"" ""nusa tenggara timur"" ""2020""";15/10/2024;domestic;Sumba Timur, Nusa Tenggara Timur;2000;;;
110;16/07/2020;ntt;tribun_wartakota;https://wartakota.tribunnews.com/2020/07/16/waspada-flu-babi-afrika-mewabah-di-ntt-469-ekor-babi-di-ende-mati-keluar-cairan-dari-dubur;"babi ""mati"" ""nusa tenggara timur"" ""2020""";15/10/2024;domestic;Kabupaten Ende, NTT;469;;;
111;14/08/2020;ntt;posflores;https://www.posflores.com/nasional/pr-4413144580/239-ekor-babi-di-matim-mati-kadis-segera-laporkan-ke-petugas;"babi ""mati"" ""maluku"" ""2020""";15/10/2024;domestic;Kabupaten Manggarai Timur;239;;;
112;30/10/2020;sumatera barat;lensa_nusantara;https://lensanusantara.co.id/2020/10/30/kematian-babi-hutan-secara-tiba-tiba-menjadi-topik-pembahasan-ditengah-masyarakat-batang-lubu-sutam/;"babi hutan ""mati"" ""2021""";15/10/2024;wild;kecamatan Batang Lubu Sutam Kab.Padang lawas ;2;;;
113;12/06/2021;kalimantan utara;antara_kaltara;https://kaltara.antaranews.com/berita/485262/tiga-kabupaten-di-kaltara-ditemukan-banyak-babi-hutan-mati-mendadak;"babi hutan ""mati"" ""2021""";15/10/2024;wild;Kecamatan Peso sebanyak 40 ekor, Kecamatan Mentarang Hulu sebanyak 65 ekor dan Kecamatan Krayan sebanyak 24 ekor;;;;
114;01/10/2021;jambi;kompas;https://www.kompas.id/baca/nusantara/2021/10/01/kematian-babi-hutan-meluas-hingga-taman-nasional;"babi hutan ""mati"" ""2021""";15/10/2024;wild;taman nasional bukit dua belas;8;;;
115;21/05/2021;sumatera selatan;tribun;https://www.tribunnews.com/regional/2021/05/21/sejumlah-babi-hutan-mati-secara-misterius-di-musi-rawas-utara-ini-pengakuan-warga;"babi hutan ""mati"" ""2021""";15/10/2024;wild;Kabupaten Musi Rawas Utara (Muratara), Sumatera Selatan;3;;;
116;06/09/2021;bengkulu;republik;https://news.republika.co.id/berita/qz0e6b366/belasan-babi-hutan-di-bengkulu-mati-terserang-flu-babi;"babi hutan ""mati"" ""2021""";15/10/2024;wild;taman nasional kerinci seblat, jabupaten bengkulu utara;12;;;
117;06/09/2021;bengkulu;antara;https://www.antaranews.com/berita/2374586/belasan-babi-hutan-di-bengkulu-mati-terserang-flu-babi;"babi hutan ""mati"" ""2021""";15/10/2024;wild;Taman Nasional Kerinci Seblat (TNKS) wilayah Kabupaten Bengkulu Utara;12;;;
118;03/02/2021;sumatera selatan;berita_kajang;https://beritakajang.com/2021/02/03/ratusan-babi-hutan-mati-secara-misterius/;"babi hutan ""mati"" ""2021""";15/10/2024;wild; Kecamatan Rambutan saja, matinya hewan babi secara misterius juga terjadi di Kecamatan Pulau Rimau Banyuasin Kabupatem Banyuasin;;;;
119;13/06/2021;kalimantan utara;kompas;https://regional.kompas.com/read/2021/06/13/150508078/kaltara-catat-ratusan-ekor-babi-mati-diduga-kena-virus-asf-dari-malaysia?page=all;"babi hutan ""mati"" ""2021""";15/10/2024;wild;;120;;;
120;15/10/2021;kalimantan barat;sindo_news;https://nasional.sindonews.com/read/569492/15/dua-babi-berjanggut-di-tana-bentarum-mati-terserang-virus-asf-1634278223;"babi hutan ""mati"" ""2021""";15/10/2024;wild;taman nasional betung kerihun dan danau sentarum;2;;;
121;01/10/2021;sumatera selatan;kompas;https://www.kompas.tv/regional/217300/misterius-babi-babi-hutan-di-wilayah-hutan-tropis-sumatera-mati-mendadak-dan-beruntun?page=all;"babi hutan ""mati"" ""2021""";15/10/2024;wild;wilayah Senamo Kecil, taman nasional bukit tigapuluh, kawasan restorasi ekosistem hhutan harapan;7;;;
122;31/03/2021;sumatera selatan;antara;https://www.antaranews.com/berita/2073194/virus-african-swine-fever-serang-puluhan-babi-hutan-di-oku-sumsel;"babi hutan ""mati"" ""2021""";15/10/2024;wild;Kabupaten Ogan Komering Ulu, Sumatera Selatan;;;;
123;22/05/2021;sumatera selatan;pekanbarukini;https://pekanbarukini.com/mengerikan-terpapar-virus-ini-ratusan-ekor-babi-hutan-di-sumsel-ditemukan-mati;"babi hutan ""mati"" ""2021""";15/10/2024;wild;Ogan Komering Ilir, Ogan Komering Ulu, Ogan Komering Ulu Selatan, Muara Enim, dan Musi Rawas.;;;;
124;11/06/2021;sumatera selatan;tribun;https://m.tribunnews.com/regional/2021/06/11/wabah-flu-babi-serang-empat-lawang-puluhan-babi-hutan-ditemukan-mati-bangkai-tak-dirubung-lalat?page=all;"babi hutan ""mati"" ""2021""";15/10/2024;wild;Desa Tanjung Kupang Baru kecamatan Tebing Tinggi, kabupaten Empat Lawang;;;;
125;05/12/2021;sumatera barat;suara_sumbar;https://sumbar.suara.com/read/2021/12/05/160613/belasan-ekor-babi-hutan-di-agam-mati-mendadak?page=all;"babi hutan ""mati"" ""2021""";15/10/2024;wild;Kabupaten Agam, Sumatera Barat;15;;;
126;23/12/2021;sumatera barat;suara_sumbar;https://sumbar.suara.com/read/2021/12/23/121500/puluhan-ekor-babi-mati-mendadak-di-agam-positif-terpapar-virus-flu-babi-afrika;"babi hutan ""mati"" ""2021""";15/10/2024;wild;kawasan Maua Hilia, Jorong Kayu Pasak Timur, Nagari Salareh Aia, Kecamatan Palembayan, Kabupaten Agam, Sumatera Barat;;;;
127;23/05/2021;sumatera selatan;metro_Terkini;https://metroterkini.com/news/detail/53256/regional/Sumsel/ratusan-ekor-babi-hutan-di-sumsel-mati-akibat-virus;"babi hutan ""mati"" ""2021""";15/10/2024;wild;Ogan Komering Ilir, Ogan Komering Ulu, Ogan Komering Ulu Selatan, Muara Enim, dan Musi Rawas.;;;;
128;21/05/2021;sumatera selatan;tribun_palembang;https://palembang.tribunnews.com/2021/05/21/bangkai-babi-hutan-bergelimpangan-di-muratara-dugaan-warga-bermacam-macam-mereka-tidak-dibunuh;"babi hutan ""mati"" ""2021""";15/10/2024;wild;wilayah Kecamatan Rawas Ilir dan Kecamatan Nibung, kabupaten musi rawas;;;;
129;09/01/2021;ntt;antara;https://www.antaranews.com/berita/1935920/ratusan-ekor-babi-milik-warga-di-flores-timur-mati-mendadak;"""babi"" ""mati"" ""2021""";15/10/2024;domestic;Kecamatan Ile Boleng di Pulau Adonara, Kabupaten Flores Timur, Nusa Tenggara Timur;200;;;
130;22/01/2021;ntt;antara_lampung;https://lampung.antaranews.com/berita/475484/ratusan-ekor-babi-milik-warga-lembata-mati-terserang-asf;"""babi"" ""mati"" ""2021""";15/10/2024;domestic; Kabupaten Lembata, Nusa Tenggara Timur;800;;;
131;22/05/2021;kalimantan timur;headline_kaltim;https://headlinekaltim.co/ternak-babi-mati-massal-di-berau-diduga-virus-hog-cholera-menular-ke-manusia/;"""babi"" ""mati"" ""2021""";15/10/2024;domestic;Kampung Maluang dan Paribau, Kecamatan Gunung Tabur, Kabupaten Berau;62;;;
132;26/02/2021;bali;bali_tribune;https://balitribune.co.id/content/puluhan-babi-mati-mendadak;"""babi"" ""mati"" ""2021""";15/10/2024;domestic;Banjar Dinas Ceniga, Desa Dukuh, Kecamatan Kubu, Karangasem,;;;;
133;09/01/2021;ntt;antara_jambi;https://jambi.antaranews.com/rilis-pers/1935920/ratusan-ekor-babi-milik-warga-di-flores-timur-mati-mendadak;"""babi"" ""mati"" ""2021""";15/10/2024;domestic;Kecamatan Ile Boleng di Pulau Adonara, Kabupaten Flores Timur, Nusa Tenggara Timur;;;;
134;06/09/2021;bengkulu;tirto;https://tirto.id/kena-flu-babi-afrika-belasan-babi-hutan-di-bengkulu-mati-gjgh;"""babi"" ""mati"" ""2021""";15/10/2024;domestic;Taman Nasional Kerinci Seblat (TNKS) wilayah Kabupaten Bengkulu Utara, Provinsi Bengkulu;12;;;
135;04/12/2021;sumatera barat;antara_kalteng;https://kalteng.antaranews.com/berita/525525/puluhan-ekor-babi-liar-mati-mendadak-di-agam;"""babi"" ""mati"" ""2021""";15/10/2024;domestic;Maua Hilia, Jorong Kayu Pasak Timur, Nagari Salareh Aia, Kecamatan Palembayan, Kabupaten Agam ;15;;;
136;06/12/2021;sumatera barat;khaz_minang;https://www.khazminang.id/puluhan-babi-di-agam-mati-mendadak-diduga-terjangkit-virus-flu-babi-afrika;"""babi"" ""mati"" ""2021""";15/10/2024;domestic;Maua Hilia, Jorong Kayu Pasak Timur, Nagari Salareh Aia, Kecamatan Palembayan, Kabupaten Agam ;;;;
137;26/01/2021;ntt;media_kupang;https://mediakupang.pikiran-rakyat.com/rakyat-flores/pr-1381333729/virus-asf-serang-nelle-sikka-865-ternak-babi-mati-kerugian-capai-2-miliar-lebih?page=all;"""babi"" ""mati"" ""2021""";15/10/2024;domestic;Kecamatan Nelle, Kabupaten Sikka, Provinsi NTT;865;;;
138;29/09/2021;kalimantan barat;equator_online;https://equatoronline.id/ratusan-babi-mati-secara-misterius-di-kapuas-hulu/;"""babi"" ""mati"" ""2021""";15/10/2024;domestic;Kecamatan Putussibau Utara, Putussibau Selatan dan Seberuang;157;;;
139;02/03/2022;kalimantan barat;suara_kalbar;https://www.suarakalbar.co.id/2022/03/diduga-terjangkit-virus-asf-ribuan-babi-mati-mendadak-di-sanggau/;"""babi"" ""mati"" ""2021""";15/10/2024;domestic;Kecamatan Sekayam, Noyan dan Entikong;;;;
140;27/10/2021;kalimantan utara;benuanta;https://benuanta.co.id/index.php/2021/10/27/marak-babi-mati-mendadak-di-malinau-bkp-belum-dapat-kabar/55129/17/20/10/;"""babi"" ""mati"" ""2021""";15/10/2024;domestic;Kabupaten Malinau;;;;
141;13/08/2021;kepulauan bangka belitung;bangkapos;https://bangka.tribunnews.com/2021/08/13/ribuan-babi-mati-terserang-wabah-african-swine-fever-di-sungailiat-bangka-gejala-awal-mata-merah;"""babi"" ""mati"" ""2021""";15/10/2024;domestic;Kabupaten Bangka, Provinsi Kepulauan Bangka Belitung;;;;
142;23/12/2021;sumatera barat;sumbar_kita;https://sumbarkita.id/hasil-uji-sampel-puluhan-babi-mati-mendadak-di-agam-positif-flu-babi-afrika/;"""babi"" ""mati"" ""2021""";15/10/2024;domestic;Maua Hilia, Jorong Kayu Pasak Timur, Nagari Salareh Aia, Kecamatan Palembayan, Kabupaten Agam;;;;
143;15/06/2021;kalimantan utara;benuanta;https://benuanta.co.id/index.php/2021/06/15/puluhan-babi-ternak-milik-warga-peso-mati-mendadak-virus-asf/42087/20/33/11/;"""babi"" ""mati"" ""2021""";15/10/2024;domestic;Desa Long Yin Kecamatan Peso kabupaten bulungan;;;;
144;24/12/2021;sumatera barat;makassar_terkini;https://makassar.terkini.id/puluhan-babi-mati-mendadak-di-agam-sumatera-barat-positif-flu-babi-afrika/;"""babi"" ""mati"" ""2021""";15/10/2024;domestic;maua Hilia, Jorong Kayu Pasak Timur, Nagari Salareh Aia, Kecamatan Palembayan, Kabupaten Agam, Sumatera Barat;;;;
145;14/06/2021;kalimantan utara;tribun_kaltara;https://kaltara.tribunnews.com/2021/06/14/kasus-babi-mati-mendadak-dinas-pertanian-bulungan-sebut-belum-hitung-seluruh-kerugian-peternak;"""babi"" ""mati"" ""2021""";15/10/2024;domestic;Desa Long Yiin dan Long Lasan;;;;
146;13/08/2021;kepulauan bangka belitung;tribun_babel;https://babel.tribunnews.com/2021/08/13/flu-afrika-mewabah-di-sungailiat-bangka-ribuan-babi-mati-tinggal-670-indukan-apakah-akan-menular;"""babi"" ""mati"" ""2021""";15/10/2024;domestic;Kabupaten Bangka, Provinsi Kepulauan Bangka Belitung;;;;
147;11/06/2021;kalimantan utara;tribun_kaltara;https://kaltara.tribunnews.com/2021/06/11/40-babi-di-bulungan-mati-mendadak-dinas-pertanian-kaltara-jelaskan-virus-asf-menular-ke-manusia;"""babi"" ""mati"" ""2021""";15/10/2024;domestic;Kecamatan Peso, tepatnya di dua desa, Long Pelaah dan Long Lasan;40;;;
148;18/03/2021;kepulauan bangka belitung;tribun_bangka;https://bangka.tribunnews.com/index.php2021/03/18/600-ternak-babi-di-kabupaten-bangka-mati-terserang-asf-alias-flu-afrika?jxrecoid=23d37dce-d71b-4c9b-9fbe-6783c7034602~mix_tribunnews?source=widgetArtikelRekomendasi&engine=JXA;"""babi"" ""mati"" ""2021""";15/10/2024;domestic;Kabupaten Bangka, Provinsi Kepulauan Bangka Belitung;;;;
149;12/06/2021;kalimantan utara;tribun_kaltara;https://kaltara.tribunnews.com/2021/06/12/30-ekor-babi-mati-di-wilayah-krayan-timur-kadispertanakan-nunukan-masniadi-beber-dugaan-kronologi;"""babi"" ""mati"" ""2021""";15/10/2024;domestic;Krayan Timur, Kabupaten Nunukan, Kalimantan Utara;30;;;
150;03/12/2021;kalimantan barat;tribun_pontianak;https://pontianak.tribunnews.com/2021/12/03/ratusan-babi-mati-mendadak-terjadi-di-10-kecamatan-di-kapuas-hulu-warga-tidak-melapor;"""babi"" ""mati"" ""2021""";15/10/2024;domestic;Putussibau Utara, Putussibau Selatan, Bika, Seberuang, Embaloh Hulu, Silat Hilir, Batang Lupar, Embaloh Hilir, Kalis dan Mentebah;600;;;
151;07/09/2021;bengkulu;voi;https://voi.id/berita/82607/kabar-buruk-dari-bengkulu-belasan-babi-hutan-mati-terserang-flu-bab;"""babi"" ""mati"" ""2021""";15/10/2024;wild;Taman Nasional Kerinci Seblat (TNKS) wilayah Kabupaten Bengkulu Utara;12;;;
152;03/03/2022;kalimantan barat;tribun_pontianak;https://pontianak.tribunnews.com/2022/03/03/disbunnak-kabupaten-sanggau-sebut-24216-ekor-babimati-akibat-terserang-african-swine-fever;"""babi"" ""mati"" ""2021""";15/10/2024;domestic;Kecamatan Entikong, Kecamatan Noyan, dan Sekayam;34594;;;
153;03/03/2022;kalimantan barat;harian_berkat;https://harianberkat.com/2022/03/03/diduga-serangan-virus-asf-24-216-ekor-babi-mati-mendadak-di-sanggau/;"""babi"" ""mati"" ""2021""";15/10/2024;domestic; Kecamatan Sekayam, Noyan dan Entikong;34594;;;
154;10/06/2021;sumatera barat;tribun_sumsel;https://sumsel.tribunnews.com/2021/06/10/banyak-babi-hutan-mati-petani-di-empat-lawang-tak-perlu-diracun-atau-diburu-lagi?page=2;"""babi"" ""mati"" ""2021""";15/10/2024;wild;desa Tanjung Kupang Baru kecamatan Tebing Tinggi, kabupaten Empat Lawang;;;;
155;15/09/2022;kalimantan utara;koran_kaltara;https://korankaltara.com/diduga-terjangkit-virus-asf-puluhan-babi-di-krayan-mati-mendadak;"babi ""hutan"" ""mati"" ""2022""";15/10/2024;wild;krayan;6;;;
156;03/01/2022;lampung;kupastuntas;https://kupastuntas.co/2022/01/03/kupas-tv-babi-celeng-mati-tanpa-sebab-warga-tanggamus-khawatir-penyakit-menular;"babi ""hutan"" ""mati"" ""2022""";15/10/2024;wild;pekon tampang tua, tampang muda, pekon martanda, kecamatan pematangsawa, kabupaten tanggamus;;;;
157;19/02/2022;kalimantan barat;betahita;https://betahita.id/news/lipsus/7158/serangan-afs-di-kalbar-akibatkan-44-ribu-ekor-babi-mati.html?v=1645276570;"""babi"" ""mati"" ""2022""";15/10/2024;domestic; Kabupaten Kapuas Hulu, Sintang, Melawi, Sekadau, Sanggau, Landak, Bengkayang, Mempawah, Singkawang dan Kubu Raya;44321;;;
158;26/07/2022;ntt;antara_ntt;https://kupang.antaranews.com/berita/92321/pemprov-ntt-catat-122000-ekor-babi-mati-akibat-serangan-virus-asf;"""babi"" ""mati"" ""2022""";15/10/2024;domestic;22 kabupaten;122000;;;
159;17/02/2022;kalimantan barat;kompas;https://regional.kompas.com/read/2022/02/17/172140078/44322-ekor-babi-di-kalbar-mati-karena-terinfeksi-flu-afrika;"""babi"" ""mati"" ""2022""";15/10/2024;domestic;Kabupaten Sanggau 24.216 ekor, Kabupaten Sintang 7.030 ekor, Kabupaten Landak 6.3.18 ekor dan Kabupaten Mempawah 3.416 ekor;44322;;;
160;01/12/2022;sumatera utara;kumparan;https://kumparan.com/kumparannews/2-000-babi-di-medan-mati-mendadak-akibat-flu-babi-peternak-rugi-rp-12-miliar-1zMBAvQEP54/full;"""babi"" ""mati"" ""2022""";15/10/2024;domestic;kota medan;2000;;;
161;11/03/2022;kalimantan utara;sindo_news;https://daerah.sindonews.com/read/709421/174/ratusan-ekor-babi-di-bartim-mati-terpapar-asf-belum-ada-penanganan-pemerintah-1646971386;"""babi"" ""mati"" ""2022""";15/10/2024;domestic;Kabupaten Barito Timur (Bartim) Kalimantan Tengah;200;;;
162;26/07/2022;ntt;medcom;https://www.medcom.id/nasional/daerah/ybDDEBAb-122-ribu-ternak-babi-di-ntt-mati-terjangkit-virus;"""babi"" ""mati"" ""2022""";15/10/2024;domestic;22 kabupaten/kota;122000;;;
163;30/11/2022;sumatera utara;analisadaily;https://analisadaily.com/berita/baca/2022/11/30/1036678/jelang-nataru-2-000-babi-di-medan-dan-deliserdang-mati-mendadak/;"""babi"" ""mati"" ""2022""";15/10/2024;domestic;di Kota Medan dan di Kabupaten Deliserdang ;2000;;;
164;29/11/2022;sumatera utara;kompas;https://medan.kompas.com/read/2022/11/29/202000978/di-medan-dan-deli-serdang-ada-2000-ekor-babi-mati-mendadak-diduga-karena-virus;"""babi"" ""mati"" ""2022""";15/10/2024;domestic;Kota Medan dan Kabupaten Deliserdang;2000;;;
165;21/09/2022;ntt;kompas;https://regional.kompas.com/read/2022/09/21/162756478/17-babi-di-sikka-mati-mendadak-pemkab-uji-sampel-darah-untuk-pastikan-sebab;"""babi"" ""mati"" ""2022""";15/10/2024;domestic;Kecamatan Tanawawo, Kabupaten Sikka, Nusa Tenggara Timur;17;;;
166;30/11/2022;sumatera utara;medan_bisnis;https://medanbisnisdaily.com/news/online/read/2022/11/30/164007/ribuan_ternak_babi_mati_mendadak_di_medan_dan_deli_serdang/;"""babi"" ""mati"" ""2022""";15/10/2024;domestic;di Medan dan Deli Serdang;2000;;;
167;08/03/2022;kalimantan tengah;prokal;https://sampit.prokal.co/read/news/34703-virus-demam-babi-afrika-hantui-peternak-di-kotim.html;"""babi"" ""mati"" ""2022""";15/10/2024;domestic; Desa Tanjung Jorong, Kecamatan Tualan Hulu, Desa Pelantaran, Kecamatan Cempaga Hulu, Desa Tumbang Boloi, Kecamatan Telaga Antang;;;;
168;25/01/2022;bali;lentera_esai;https://lenteraesai.id/2022/01/25/puluhan-babi-mati-mendadak-di-abang-merta-tanaya-lapor-jika-ada-kejanggalan/;"""babi"" ""mati"" ""2022""";15/10/2024;domestic;Desa Kerthamandala, Tiyingtali, Kecamatan Abang, Kabupaten Karangasem;24;;;
169;06/06/2022;bali;tribun_bali;https://bali.tribunnews.com/2022/06/06/ada-gelombang-kedua-virus-babi-di-bali-banyak-celeng-mati-di-tabanan;"""babi"" ""mati"" ""2022""";15/10/2024;domestic;Marga Tabanan;;;;
170;30/11/2022;sumatera utara;independen_media;https://www.independenmedia.id/peristiwa/pr-2765880132/ribuan-babi-mati-mendadak-flu-babi-mewabah-di-kota-medan-jelang-natal-dan-tahun-baru-2023;"""babi"" ""mati"" ""2022""";15/10/2024;domestic; Kota Medan dan Kabupaten Deli Serdang, Sumatera Utara;2000;;;
171;27/02/2024;ntt;antara_ntt;https://kupang.antaranews.com/berita/126873/146-ekor-ternak-babi-di-ntt-mati-akibat-virus-asf;"""babi"" ""mati"" ""2023""";15/10/2024;domestic;Kota Kupang, Kabupaten Timor Tengah Selatan (TTS), Belu, Sumba Tengah, Kabupaten Ngada dan terakhir di Kabupaten Sikka;146;;;
172;04/12/2023;papua;rri;https://www.rri.co.id/daerah/469497/ternak-babi-di-wamena-banyak-yang-mati-mendadak;"""babi"" ""mati"" ""2023""";15/10/2024;domestic;Distrik Kurulu 14 ekor, Distrik Wesaput 16 ekor, Wouma 10 ekor, Pisugi 10 Ekor Itlay Hisage 12 ekor, Kampung Helalua Distrik Asolokobal  16 ekor, Distrik Maima 7 ekor dari Beberapa kampung  kabupaten Jayawijaya, Provinsi Papua Pegunungan ;;;;
173;16/05/2023;sulawesi selatan;warta_lutim;https://warta.luwutimurkab.go.id/2023/05/16/penyakit-african-swine-fever-asf-masuk-lutim-berikut-kronologis-investigasi-dan-penanganannya-oleh-pemda/;"""babi"" ""mati"" ""2023""";15/10/2024;domestic;;;;;
174;15/04/2023;sulawesi selatan;detik;https://www.detik.com/sulsel/berita/d-6720488/ganasnya-virus-asf-bikin-14-756-babi-di-luwu-timur-mati-dalam-sebulan;"""babi"" ""mati"" ""2023""";15/10/2024;domestic;Kecamatan Burau, Wotu, Tomoni, Tomoni Timur, Angkona, Malili, Towuti, Nuha, Wasuponda, Mangkutana dan Kaleana;14756;;;
175;14/05/2023;sulawesi selatan;warta_lutim;https://warta.luwutimurkab.go.id/2023/05/14/pemkab-lutim-terus-intens-tangani-berjangkitnya-virus-asf-drh-gusti-ngurah-tidak-menular-ke-manusia/;"""babi"" ""mati"" ""2023""";15/10/2024;domestic; Kecamatan Tomoni Timur 8.081 ekor, Kecamatan Kalaena 17 ekor  kecamatan Mangkutana 1.558 ekor;;;;
176;16/05/2023;sulawesi selatan;sulawesi_bisnis;https://sulawesi.bisnis.com/read/20230516/540/1656606/ribuan-ternak-di-sulsel-mati-diduga-terjangkit-flu-babi;"""babi"" ""mati"" ""2023""";15/10/2024;domestic;Kabupaten Gowa, Luwu Timur, dan Luwu Utara;4.000 ekor di Gowa, Kabupaten Luwu Timur 1.336 ekor mati, Luwu Utara 4529 ekor mati;;;
177;15/05/2023;sulawesi selatan;antara_sulsel;https://makassar.antaranews.com/berita/480963/pemkab-luwu-timur-data-ternak-babi-mati-karena-virus-asf-14756-ekor;"""babi"" ""mati"" ""2023""";15/10/2024;domestic;kabupaten luwu timur, sulawesi selatan;14756;;;
178;14/05/2023;sulawesi selatan;detik;https://www.detik.com/sulsel/berita/d-6719748/awal-mula-virus-asf-masuk-luwu-timur-hingga-14-756-babi-mati-dalam-sebulan;"""babi"" ""mati"" ""2023""";15/10/2024;domestic;kabupaten luwu timur, sulawesi selatan;14756;;;
179;08/06/2023;sulawesi tengah;antara_sulteng;https://sulteng.antaranews.com/berita/271902/pemerintah-kabupaten-parigi-ternak-babi-mati-mendadak-positif-terkena-virus-asf;"""babi"" ""mati"" ""2023""";15/10/2024;domestic;Kabupaten Parigi Moutong, Sulawesi Tengah;1582;;;
180;30/01/2023;ntt;antara_ntt;https://kupang.antaranews.com/berita/105705/disnak-ntt-catat-babi-mati-mendadak-jadi-256-ekor;"""babi"" ""mati"" ""2023""";15/10/2024;domestic;75 ekor di Kabupaten Kupang, kemudian di Kabupaten Ende jumlah kasus babi yang mati mencapai 41 ekor babi, Kota Kupang 39 ekor. Lalu, Flores Timur, 33 ekor babi, Sumba Barat Daya 22 ekor babi, Kabupaten TTU seperti yang disampaikan sebelumnya tiga kasus dan terakhir Sumba Barat satu ekor babi;256;;;
181;24/05/2023;sulawesi tengah;antara;https://www.antaranews.com/berita/3554487/pemkab-parigi-moutong-temukan-3642-kasus-ternak-babi-mati-mendadak;"""babi"" ""mati"" ""2023""";15/10/2024;domestic;Kecamatan Torue, Balinggi dan Sausu serta Parigi Selatan;3642;;;
182;21/01/2023;ntt;antara_ntt;https://kupang.antaranews.com/berita/105318/puluhan-ekor-babi-di-kupang-mati-diduga-terpapar-virus-asf;"""babi"" ""mati"" ""2023""";15/10/2024;domestic;Kecamatan Kupang Timur, Kecamatan Kupang Barat, Kecamatan Takari, Kecamatan Nekamese, Kupang Tengah, dan Kecamatan Semau;Kecamatan Takari terdapat lima ekor, Kecamatan Kupang Timur 18 ekor, Kecamatan Kupang Tengah 18 ekor, Kecamatan Kupang Barat tiga Ekor, Kecamatan Nekamese enam ekor dan Kecamatan Semau Selatan satu ekor.;;;
183;17/06/2023;sulawesi barat;detik;https://www.detik.com/sulsel/berita/d-6778471/1-000-ekor-babi-di-polman-mati-akibat-virus-asf;"""babi"" ""mati"" ""2023""";15/10/2024;domestic;Kelurahan Sulewatang dan Kelurahan Darma, Kecamatan Polewali Kabupaten Polewali Mandar;1000;;;
184;02/05/2023;bali;detik;https://www.detik.com/bali/berita/d-6700383/waduh-1-300-ekor-babi-di-desa-bila-mati-mendadak;"""babi"" ""mati"" ""2023""";15/10/2024;domestic;Desa Bila, Kecamatan Kubutambahan, Kabupaten Buleleng, Bali;1300;;;
185;12/06/2023;sulawesi selatan;detik;https://www.detik.com/sulsel/berita/d-6768361/wabah-virus-asf-meluas-ke-5-wilayah-sulsel-50-000-babi-dilaporkan-mati;"""babi"" ""mati"" ""2023""";15/10/2024;domestic;Kabupaten Gowa dengan 25.000 ekor babi terjangkit. Selain itu di Tana Toraja 500 ekor, Toraja Utara 5.000 ekor, Luwu Utara 5.000 kasus dan Luwu Timur 15.000 ekor;50000;;;
186;23/01/2023;ntt;detik;https://regional.kompas.com/read/2023/01/23/232658878/dinkes-sebut-233-babi-mati-mendadak-di-ntt-sejak-desember-2022;"""babi"" ""mati"" ""2023""";15/10/2024;domestic;kabupaten Kupang yang mencapai 51, kota Kupang sebanyak 45 ekor, Flores Timur 33 ekor babi, kabupaten Sikka 41 ekor, kabupaten Ende 43, dan Sumba Barat Daya 20;233;;;
187;29/05/2023;sulawesi tengah;liputan6;https://www.liputan6.com/regional/read/5298151/3-ribu-babi-di-sulteng-mati-mendadak-ada-apa;"""babi"" ""mati"" ""2023""";15/10/2024;domestic;Kabupaten Poso yang mengakibatkan sebanyak 60 ekor (2971 ekor), Kabupaten Morowali Utara, sejauh 39 kasus ;3010;;;
188;27/01/2023;ntt;kompas;https://regional.kompas.com/read/2023/01/27/191135578/ternak-babi-mati-mendadak-di-ntt-terus-meluas-tersebar-di-8-wilayah;"""babi"" ""mati"" ""2023""";15/10/2024;domestic;Kabupaten Kupang yakni 75 ekor, Kabupaten Sikka 42 ekor, Kabupaten Ende 41, Kota Kupang 39 ekor, Kabupaten Flores Timur 33 ekor, Kabupaten Sumba Barat Daya 22 ekor, Timor Tengah Utara tiga ekor dan Kabupaten Sumba Barat satu ekor;256;;;
189;26/05/2023;sulawesi tengah;kompas;https://www.kompas.tv/regional/410389/lebih-dari-6-ribu-babi-mati-mendadak-di-sulawesi-tengah-ada-apa;"""babi"" ""mati"" ""2023""";15/10/2024;domestic;;6652;;;
190;31/08/2023;sulawesi tengah;mercusuar;https://mercusuar.web.id/sulteng-membangun/hingga-agustus-ribuan-ternak-babi-mati/;"""babi"" ""mati"" ""2023""";15/10/2024;domestic;esa Jono Oge 2.140 ekor, Uenuni 76 ekor, Tongoa 53 ekor, Berdikari 17 ekor, Bahagia 23 ekor, Lawua 13 ekor, Puroo 50 ekor dan Ranteleda 28 ekor. ;2140;;;
191;12/06/2023;sulawesi selatan;detik;https://www.detik.com/sulsel/berita/d-6767656/5-000-babi-di-toraja-utara-mati-terjangkit-virus-asf-pemkab-mulai-kewalahan;"""babi"" ""mati"" ""2023""";15/10/2024;domestic;toraja utara;5000;;;
192;24/01/2023;ntt;antara_ntt;https://kupang.antaranews.com/berita/105417/karantina-kupang-sebut-babi-yang-mati-di-flotim-bukan-dari-bali;"""babi"" ""mati"" ""2023""";15/10/2024;domestic;kabupaten kupang 51 Kota Kupang ada 45 babi mati, Flores Timur 33  babi, Kabupaten Sikka 41 babi, Kabupaten Ende 43 babi dan Sumba Barat Daya 20 babi.;233;;;
193;18/01/2023;ntt;kompas;https://regional.kompas.com/read/2023/01/18/165325478/48-hewan-ternak-babi-di-kupang-mati-mendadak-sampel-darah-diuji-hingga;"""babi"" ""mati"" ""2023""";15/10/2024;domestic;Kecamatan Kupang Tengah sebanyak 18 ekor, kemudian Kecamatan Kupang Timur 15 ekor. Kecamatan Nekamese ada enam ekor yang mati, Kecamatan Takari lima ekor, Kecamatan Kupang Barat tiga ekor dan Kecamatan Semau satu ekor;48;;;
194;31/08/2023;sulawesi selatan;koranseruya;https://koranseruya.com/babi-hutan-banyak-ditemukan-mati-di-bantaran-sungai-battang-barat-palopo.html;"""babi"" ""mati"" ""2023""";15/10/2024;wild;wilayah Kelurahan Battang Barat, Kecamatan Wara Barat, Kota Palopo, Sulawesi Selatan;;;;
195;03/10/2023;bali;bali_tribune;https://balitribune.co.id/content/puluhan-babi-di-karangasemi-mati-mendadak;"""babi"" ""mati"" ""2023""";15/10/2024;domestic;Kecamatan Sidemen sebanyak 17 ekor sementara di Kecamatan Karangasem berjumlah lebih dari tiga ekor;20;;;
196;08/02/2023;ntt;kompas;https://regional.kompas.com/read/2023/02/08/115451678/sudah-349-ekor-babi-ternak-yang-mati-mendadak-di-ntt;"""babi"" ""mati"" ""2023""";15/10/2024;domestic;Kupang 77 ekor, Kabupaten Sumba Barat Daya 53 ekor, Kota Kupang 49 ekor, Kabupaten Negekeo 47 ekor, Kabupaten Sikka 43 ekor, Kabupaten Ende 41 ekor, Kabupaten Flores Timur 33 ekor dan Kabupaten Sumba Barat serta Kabupaten Timor Tengah Utara, masing masing tiga ekor.;349;;;
197;22/01/2023;bali;detik;https://www.detik.com/bali/nusra/d-6528650/babi-mati-mendadak-di-kupang-bertambah-jadi-73-ekor;"""babi"" ""mati"" ""2023""";15/10/2024;domestic;Kecamatan Kupang Timur sebanyak 26 ekor, Kupang Tengah (32 ekor), Kupang Barat (3 ekor), Semau (1 ekor), Takari (5 ekor), dan Nekamese (6 ekor);73;;;
198;30/08/2023;sulawesi selatan;tribun_makassar;https://makassar.tribunnews.com/2023/08/30/banyak-babi-hutan-mati-mendadak-di-palopo-diduga-terinfeksi-african-swine-fever-atau-asf-apa-itu#google_vignette;"""babi"" ""mati"" ""2023""";15/10/2024;wild;Kelurahan Battang Barat, Kecamatan Wara Barat, Kota Palopo, Sulawesi Selatan;;;;
199;17/05/2023;sulawesi selatan;kompas;https://money.kompas.com/read/2023/05/17/134000026/ribuan-babi-di-sulawesi-mati-karena-virus-mentan-syl--alam-membuat-semuanya;"""babi"" ""mati"" ""2023""";15/10/2024;domestic;Kecamatan terbesar yakni Tomoni Timur 8.598, Mangkutana 2102, Burau 1.928, Kalaena 1.871, dan Angkona 1.249;17105;;;
200;08/02/2023;ntt;republik;https://news.republika.co.id/berita/rprfmh425/ratusan-ekor-babi-di-ntt-mati-mendadak-apa-penyebabnya;"""babi"" ""mati"" ""2023""";15/10/2024;domestic;Kupang 77 ekor, Kabupaten Sumba Barat Daya 53 ekor, Kota Kupang 49 ekor, Kabupaten Negekeo 47 ekor, Kabupaten Sikka 43 ekor, Kabupaten Ende 41 ekor, Kabupaten Flores Timur 33 ekor dan Kabupaten Sumba Barat serta Kabupaten Timor Tengah Utara, masing masing tiga ekor.;349;;;
201;30/09/2023;bali;balifactual;https://balifactualnews.com/puluhan-ekor-babi-mati-misterius-di-karangasem/;"""babi"" ""mati"" ""2023""";15/10/2024;domestic;desa lokasari, kecamatan sidemen, kecamatan manggis;17;;;
202;15/05/2023;sulawesi selatan;republik;https://news.republika.co.id/berita/rupkzb425/penyebaran-flu-babi-di-sulsel-mengkhawatirkan-di-gowa-ada-1336-babi-mati#google_vignette;"""babi"" ""mati"" ""2023""";15/10/2024;domestic;;;;;
203;07/09/2023;gorontalo;kompas;https://regional.kompas.com/read/2023/09/07/120109978/babi-kutil-sulawesi-ditemukan-mati-di-kawasan-peneluran-maleo;"""babi"" ""mati"" ""2023""";15/10/2024;wild;ladang peneluran burung maleo di Taman Nasional Bogani Nani Wartabone;1;;;
204;30/09/2023;bali;radarbali;https://radarbali.jawapos.com/karangasem/703032220/geger-belasan-babi-mati-mendadak-di-karangasem-dengan-gejala-hilang-nafsu-makan-lalu-kejang-kejang;"""babi"" ""mati"" ""2023""";15/10/2024;domestic;Desa Lokasari, Kecamatan Sidemen;17;;;
205;25/01/2023;ntt;timexkupang;https://timexkupang.fajar.co.id/2023/01/25/asf-masuk-kota-kupang-37-ekor-babi-mati-mendadak-ini-upaya-distan-kota-kupang/;"""babi"" ""mati"" ""2023""";15/10/2024;domestic;Kelurahan Lasiana 8 ekor babi, Kelurahan Oepura 1 ekor, Liliba 1 Ekor, Belo 12 dan Manutapen 15 ekor babi.;37;;;
206;14/05/2023;sulawesi selatan;tribun_makassar;https://makassar.tribunnews.com/2023/05/14/14756-ekor-babi-di-luwu-timur-mati-terserang-virus-asf-apakah-bisa-menular-ke-manusia;"""babi"" ""mati"" ""2023""";15/10/2024;domestic;;14756;;;
207;17/05/2023;sulawesi selatan;bukamata;https://bukamatanews.id/read/2023/05/17/virus-asf-serang-sulsel-4000-ternak-babi-dilaporkan-mati;"""babi"" ""mati"" ""2023""";15/10/2024;domestic;;4000;;;
208;19/01/2023;ntt;tirto;https://tirto.id/puluhan-babi-di-nusa-tenggara-timur-mati-akibat-flu-babi-afrika-gBi3#google_vignette;"""babi"" ""mati"" ""2023""";15/10/2024;domestic; 48 babi mati di kabupaten Kupang dan 16 babi mati di Kabupaten Flores Timur;54;;;
209;17/05/2023;sulawesi selatan;inikita;https://inikata.co.id/2023/05/17/babi-mati-mendadak-karena-wabah-asf-di-gowa-capai-10-ribu-ekor/;"""babi"" ""mati"" ""2023""";15/10/2024;domestic;;;;;
210;24/05/2023;sulawesi tengah;opini;https://theopini.id/2023/05/24/dpkh-parimo-belum-bisa-pastikan-ribuan-ternak-mati-positif-flu-babi/;"""babi"" ""mati"" ""2023""";15/10/2024;domestic;;3642;;;
211;25/01/2023;ntt;kompas;https://regional.kompas.com/read/2023/01/25/132600078/252-ternak-babi-di-ntt-mati-mendadak-paling-banyak-di-kabupaten-kupang;"""babi"" ""mati"" ""2023""";15/10/2024;domestic;;252;;;
212;17/05/2023;sulawesi selatan;garton;https://www.gartonnews.com/sulsel/10298810927/setengah-populasi-babi-di-luwu-timur-mati-karena-virus-flu-babi-afrika;"""babi"" ""mati"" ""2023""";15/10/2024;domestic;;17105;;;
213;23/01/2023;ntt;republik;https://news.republika.co.id/berita/roxbqi484/sebanyak-75-babi-mati-mendadak-di-enam-kecamatan-di-kabupaten-kupang;"""babi"" ""mati"" ""2023""";15/10/2024;domestic;;75;;;
214;04/05/2023;bali;denpost;https://www.denpost.id/nasional/105511625096/ribuan-babi-mati-mendadak-peternak-rugi-puluhan-juta;"""babi"" ""mati"" ""2023""";15/10/2024;domestic;desa bila kecamatan kubutambahan;;;;
215;26/05/2023;sulawesi tengah;sinarharapan;https://www.sinarharapan.co/ekonomi/3858920111/asf-sulit-dikendalikan-6652-ternak-babi-mati-mendadak;"""babi"" ""mati"" ""2023""";15/10/2024;domestic;;6652;;;
216;04/05/2023;bali;kompas;https://denpasar.kompas.com/read/2023/05/04/112602378/sekitar-600-ekor-babi-mendadak-mati-di-buleleng-bali-diduga-terinfeksi;"""babi"" ""mati"" ""2023""";15/10/2024;domestic;;600;;;
217;26/07/2023;sulawesi tengah;tribun_palu;https://palu.tribunnews.com/2023/07/26/530-babi-mati-di-sigi-terbanyak-di-kecamatan-sigi-biromaru;"""babi"" ""mati"" ""2023""";15/10/2024;domestic;;530;;;
218;23/01/2023;ntt;tvonenews;https://www.tvonenews.com/daerah/bali/96009-pemprov-ntt-sebut-233-babi-mati-mendadak-terjangkit-african-swine-fever;"""babi"" ""mati"" ""2023""";15/10/2024;domestic;;233;;;
219;25/08/2023;sulawesi selatan;palopopos;https://palopopos.fajar.co.id/2023/08/25/babi-mati-akibat-asf-di-toraja-utara-capai-5-973-peternak-babi-diharap-waspada/;"""babi"" ""mati"" ""2023""";15/10/2024;domestic;;5973;;;
220;14/05/2023;sulawesi selatan;palopopos;https://palopopos.fajar.co.id/2023/05/14/virus-asf-serang-luwu-timur-puluhan-ribu-babi-mati-ditemukan-berserakan-di-saluran-irigasi/;"""babi"" ""mati"" ""2023""";15/10/2024;domestic;;;;;
221;04/06/2023;sulawesi selatan;tribun_palu;https://palu.tribunnews.com/2023/06/04/babi-mati-di-palolo-dan-kulawi-selatan-kadis-peternakan-sigi-sebut-virus-csf-pernah-ada-di-sigi;"""babi"" ""mati"" ""2023""";15/10/2024;domestic;;;;;
222;18/05/2023;sulawesi selatan;tribun_gowa;https://makassar.tribunnews.com/2023/05/18/peternak-babi-di-gowa-rugi-hingga-miliaran-rupiah-akibat-ribuan-babi-mati-terjangkit-virus-asf;"""babi"" ""mati"" ""2023""";15/10/2024;domestic;;;;;
223;02/05/2023;sulawesi selatan;tribun_toraja;https://toraja.tribunnews.com/2023/05/02/petugas-kesehatan-hewan-luwu-utara-bingung-ribuan-ekor-babi-tiba-tiba-mati;"""babi"" ""mati"" ""2023""";15/10/2024;domestic;;;;;
224;10/06/2023;sulawesi selatan;tribun_toraja;https://toraja.tribunnews.com/2023/06/10/di-tana-toraja-540-ekor-babi-mati-karena-asf;"""babi"" ""mati"" ""2023""";15/10/2024;domestic;;;;;
225;24/01/2023;ntt;tribun_flores;https://flores.tribunnews.com/2023/01/24/hingga-minggu-ketiga-januari-2023-74-ekor-babi-mati-di-kabupaten-kupang-ntt;"""babi"" ""mati"" ""2023""";15/10/2024;domestic;;;;;
226;29/09/2023;bali;tribun_bali;https://bali.tribunnews.com/2023/09/29/puluhan-babi-di-karangasem-mati-mendadak-distan-bantah-karena-virus-mungkin-kepanasan;"""babi"" ""mati"" ""2023""";15/10/2024;domestic;;;;;
227;18/01/2023;ntt;tribun_kupang;https://kupang.tribunnews.com/2023/01/18/belum-seminggu-48-ekor-babi-mati-mendadak-di-kabupaten-kupang;"""babi"" ""mati"" ""2023""";15/10/2024;domestic;;;;;
228;17/06/2023;sulawesi barat;tribun_sulbar;https://sulbar.tribunnews.com/2023/06/17/ribuan-babi-di-mamasa-dan-polman-mati-akibat-virus-asf-awal-penyebaran-dari-tana-toraja;"""babi"" ""mati"" ""2023""";15/10/2024;domestic;;;;;
229;30/09/2023;bali;tribun_bali;https://bali.tribunnews.com/2023/09/30/gejala-kematian-puluhan-babi-di-karangasem-bali-tidak-mau-makan-dan-badan-panas;"""babi"" ""mati"" ""2023""";15/10/2024;domestic;;;;;
230;23/01/2023;ntt;tribun_kupang;https://kupang.tribunnews.com/2023/01/23/74-ekor-babi-mati-di-kabupaten-kupang;"""babi"" ""mati"" ""2023""";15/10/2024;domestic;;;;;
231;27/06/2023;sulawesi selatan;tribun_toraja;https://toraja.tribunnews.com/2023/06/27/babi-ternak-yang-mati-karena-asf-di-toraja-utara-sudah-mencapai-7-ribu-ekor;"""babi"" ""mati"" ""2023""";15/10/2024;domestic;;;;;
232;18/01/2023;ntt;tribun_flores;https://flores.tribunnews.com/2023/01/18/belum-seminggu-dinas-peternakan-lapor-babi-mati-mendadak-capai-48-ekor-di-kabupaten-kupang;"""babi"" ""mati"" ""2023""";15/10/2024;domestic;;;;;
233;18/01/2023;ntt;tribun_kupang;https://kupang.tribunnews.com/2023/01/18/babi-mati-di-naibonat-terkonfirmasi-positif-asf;"""babi"" ""mati"" ""2023""";15/10/2024;domestic;;;;;
234;18/06/2023;sulawesi barat;tribun_sulbar;https://sulbar.tribunnews.com/2023/06/18/bahaya-virus-asf-puluhan-babi-peternak-di-polman-mati;"""babi"" ""mati"" ""2023""";15/10/2024;domestic;;;;;
235;25/01/2023;ntt;tribun_kupang;https://kupang.tribunnews.com/2023/01/25/20-ekor-babi-mati-di-poco-rii-disnak-matim-langsung-turun-lapangan-untuk-tangani;"""babi"" ""mati"" ""2023""";15/10/2024;domestic;;;;;
236;26/01/2023;ntt;hitsidn;https://www.hitsidn.com/daerah/pr-6577093064/hingga-24-januari-2023-asf-alias-flu-babi-bunuh-252-ekor-babi-di-ntt;"""babi"" ""mati"" ""2023""";15/10/2024;domestic;;;;;
237;27/07/2023;sulawesi utara;tribun_manado;https://manado.tribunnews.com/2023/07/27/kasus-babi-mati-mendadak-kian-meluas-di-sitaro-harga-daging-di-pasaran-masih-normal;"""babi"" ""mati"" ""2023""";15/10/2024;domestic;;;;;
238;13/02/2023;ntt;kobaran;https://www.kobaran.com/news/pr-4657497993/hati-hati-demam-babi-afrika-meningkat-banyak-babi-mati-mendadak-di-ntt;"""babi"" ""mati"" ""2023""";15/10/2024;domestic;;;;;
239;09/08/2024;kalimantan utara;radio_republik_indonesia;https://www.rri.co.id/daerah-3t/890847/terserang-virus-asf-589-ekor-ternak-babi-di-malinau-mati;"""babi"" ""mati"" ""2024""";27/09/2024;domestic;Malinau Selatan dan di Malinau Utara;;;;
240;11/09/2024;bali;radio_republik_indonesia;https://www.rri.co.id/daerah/967038/belasan-babi-hutan-mati-di-pasatan;"""babi"" ""mati"" ""2024""";27/09/2024;wild;wilayah perhutanan sosial Pasatan, Desa Pohsanten, Kecamatan Mendoyo, Jembrana, Bali.;;;;
241;04/02/2024;kalimantan tengah;kalteng_pos;https://kaltengpos.jawapos.com/berita-utama/04/02/2024/ternak-babi-mati-mendadak-di-dua-desa/;"""babi"" ""mati"" ""2024""";27/09/2024;domestic;;;;;
242;02/04/2024;kalimantan tengah;antara;https://www.antaranews.com/berita/4039254/dpkp-investigasi-penyebab-kematian-mendadak-ternak-babi-di-telawang;"""babi"" ""mati"" ""2024""";27/09/2024;domestic;;;;;
243;05/02/2024;kalimantan tengah;borneonews;https://www.borneonews.co.id/berita/329612-sejumlah-ternak-babi-mati-mendadak-ini-langkah-distan-kapuas;"""babi"" ""mati"" ""2024""";27/09/2024;domestic;;;;;
244;02/02/2024;ntt;katantt;https://www.katantt.com/artikel/48452/waspada-virus-asf-serang-kabupaten-sikka-74-ekor-babi-mati/;"""babi"" ""mati"" ""2024""";27/09/2024;domestic;;;;;
245;29/01/2024;papua tengah;papua60detik;https://papua60detik.id/berita/virus-demam-babi-afrika-sampai-timika-masuk-dari-mana;"""babi"" ""mati"" ""2024""";27/09/2024;domestic;;;;;
246;28/01/2024;sulawesi barat;antara;https://www.antaranews.com/berita/3936294/dinas-tphp-sulbar-indetifikasi-kematian-ternak-babi-di-mamuju;"""babi"" ""mati"" ""2024""";27/09/2024;domestic;;;;;
247;10/09/2024;bali;baliberkarya;https://www.baliberkarya.com/berita/202208157019/mimih-dewa-ratu-warga-temukan-puluhan-babi-hutan-mati-misterius-di-hutan-sosial-pasatan#google_vignette;"""babi"" ""mati"" ""2024""";27/09/2024;domestic; Hutan Sosial Pasatan;;;;
248;01/04/2024;bali;bali_post;https://www.balipost.com/news/2024/04/01/394276/ASF-Masuk-Bali,Satu-Sampel...html#google_vignette;"""babi"" ""mati"" ""2024""";27/09/2024;domestic;;;;;
249;27/03/2024;bali;detik_bali;https://www.detik.com/bali/berita/d-7265073/kasus-babi-mati-di-karangasem-terus-bertambah-peternak-resah;"""babi"" ""mati"" ""2024""";27/09/2024;domestic;;;;;
250;06/06/2024;ntt;tribun_flores;https://flores.tribunnews.com/2024/06/06/239-ternak-babi-di-lembata-mati-sejak-mei-2024-dua-sampel-babi-positif-asf#google_vignette;"""babi"" ""mati"" ""2024""";27/09/2024;domestic;;;;;
251;18/03/2024;bali;detik_bali;https://www.detik.com/bali/nusra/d-7248527/puluhan-babi-di-karangasem-mati-diduga-terserang-virus-asf;"""babi"" ""mati"" ""2024""";27/09/2024;domestic;;;;;
252;06/06/2024;ntt;pos_kupang;https://kupang.tribunnews.com/2024/06/06/dua-sampel-babi-asal-lembata-positif-virus-asf-ratusan-ekor-sudah-mati;"""babi"" ""mati"" ""2024""";27/09/2024;domestic;;;;;
253;23/02/2024;bali;detik_bali;https://www.detik.com/bali/nusra/d-7208296/85-babi-bergejala-asf-di-manggarai-barat-mati-sampel-dikirim-ke-bali;"""babi"" ""mati"" ""2024""";27/09/2024;domestic;;;;;
254;17/05/2024;ntt;detik_bali;https://www.detik.com/bali/nusra/d-7343983/550-babi-di-sikka-ntt-mati-karena-asf;"""babi"" ""mati"" ""2024""";27/09/2024;domestic;;;;;
255;18/03/2024;bali;bali_post;https://www.balipost.com/news/2024/03/18/392233/Diduga-Terjangkit-ASF,Puluhan-Babi...html#google_vignette;"""babi"" ""mati"" ""2024""";27/09/2024;domestic;;;;;
256;09/04/2024;ntt;detik_bali;https://www.detik.com/bali/nusra/d-7286172/ratusan-babi-di-nagekeo-ntt-mati-dengan-gejala-asf;"""babi"" ""mati"" ""2024""";27/09/2024;domestic;;;;;
257;02/02/2024;bali;detik_bali;https://www.detik.com/bali/berita/d-7174289/kasus-asf-muncul-lagi-di-badung-peternak-babi-wajib-waspada;"""babi"" ""mati"" ""2024""";27/09/2024;domestic;;;;;
258;02/02/2024;ntt;detik_bali;https://www.detik.com/bali/nusra/d-7172968/74-babi-di-sikka-ntt-mati-terserang-asf;"""babi"" ""mati"" ""2024""";27/09/2024;domestic;;;;;
259;18/03/2024;bali;tribun_bali;https://bali.tribunnews.com/2024/03/18/puluhan-babi-warga-mati-diduga-terjangkit-virus-asf?page=all;"""babi"" ""mati"" ""2024""";27/09/2024;domestic;;;;;
260;30/01/2024;papua tengah;tribun;https://www.tribunnews.com/regional/2024/01/30/245-ekor-ternak-babi-di-timika-mati-diserang-virus-asf-peternak-dilarang-jual-hewan-sakit;"""babi"" ""mati"" ""2024""";27/09/2024;domestic;;;;;
261;27/03/2024;bali;tribun_bali;https://bali.tribunnews.com/2024/03/27/ratusan-babi-di-karangasem-mati-mendadak-diduga-kuat-akibat-asf-tersebar-di-semua-kecamatan;"""babi"" ""mati"" ""2024""";27/09/2024;domestic;;;;;
262;01/04/2024;bali;bali_express;https://baliexpress.jawapos.com/bisnis/674506216/seratusan-babi-mati-di-karangasem-satu-sampel-positif-bikin-dinas-pertanian-dan-ketahanan-pangan-bali-lakukan-langkah-antisipasi;"""babi"" ""mati"" ""2024""";27/09/2024;domestic;;;;;
263;20/08/2024;papua tengah;ceposonline;https://www.ceposonline.com/mimika/1994998852/8000-ekor-babi-mati-di-mimika-papua-tengah-serangan-virus-african-swine-fever;"""babi"" ""mati"" ""2024""";27/09/2024;domestic;;;;;
264;01/06/2024;papua;fajar_papua;https://fajarpapua.com/2024/06/01/virus-asf-menyebar-di-jayapura-puluhan-ekor-ternak-babi-dimusnakan/#google_vignette;"""babi"" ""mati"" ""2024""";27/09/2024;domestic;;;;;
265;04/04/2024;papua tengah;koran_papua;https://koranpapua.id/2024/03/04/kematian-babi-di-timika-tembus-3-278-ekor-warga-sp6-palang-lahan-penguburan/#google_vignette;"""babi"" ""mati"" ""2024""";27/09/2024;domestic;;;;;
266;29/01/2024;papua tengah;seputar_papua;https://seputarpapua.com/view/update-kasus-asf-mimika-sudah-240-ekor-babi-mati.html#google_vignette;"""babi"" ""mati"" ""2024""";27/09/2024;domestic;;;;;
267;26/02/2024;papua tengah;suara_papua;https://suarapapua.com/2024/02/26/gawat-di-mimika-2-500-ekor-babi-mati-terserang-virus-asf/;"""babi"" ""mati"" ""2024""";27/09/2024;domestic;;;;;
268;03/04/2024;papua tengah;fajar_papua;https://fajarpapua.com/2024/04/03/hingga-1-april-2024-jumlah-kematian-babi-akibat-asf-di-timika-capai-5-819-ekor/#google_vignette;"""babi"" ""mati"" ""2024""";27/09/2024;domestic;;;;;
269;19/03/2024;papua tengah;fajar_papua;https://fajarpapua.com/2024/03/19/sudah-6-000-ekor-ternak-babi-di-timika-yang-mati-terserang-wabah-virus-asf/#google_vignette;"""babi"" ""mati"" ""2024""";27/09/2024;domestic;;;;;
270;29/02/2024;papua tengah;koran_papua;https://koranpapua.id/2024/02/29/kabar-terbaru-sudah-2-938-ekor-babi-di-timika-mati-terserang-virus-asf/;"""babi"" ""mati"" ""2024""";27/09/2024;domestic;;;;;
271;24/02/2024;papua tengah;antara_papuabarat;https://papuabarat.antaranews.com/berita/40197/1726-ternak-babi-di-mimika-mati-akibat-virus-asf;"""babi"" ""mati"" ""2024""";27/09/2024;domestic;;;;;
272;25/03/2024;papua tengah;koran_papua;https://koranpapua.id/2024/03/25/kematian-babi-sudah-5-200-ekor-drh-sabelina-populasi-yang-tersisa-harus-diselamatkan/;"""babi"" ""mati"" ""2024""";27/09/2024;domestic;;;;;
273;02/06/2024;papua;fajar_papua;https://fajarpapua.com/2024/06/02/mengancam-ternak-babi-penjabat-bupati-jayapura-imbau-warga-waspada-virus-asf/#google_vignette;"""babi"" ""mati"" ""2024""";27/09/2024;domestic;;;;;
274;22/02/2024;papua tengah;koran_papua;https://koranpapua.id/2024/02/22/1-848-ekor-babi-mati-pasca-merebaknya-virus-asf-di-timika/;"""babi"" ""mati"" ""2024""";27/09/2024;domestic;;;;;
275;22/01/2024;papua tengah;koran_papua;https://koranpapua.id/2024/01/22/empat-hari-dilaporkan-61-ekor-babi-di-timika-mati-peternak-diingatkan-perhatikan-kebersihan-kandang/;"""babi"" ""mati"" ""2024""";27/09/2024;domestic;;;;;
276;08/03/2024;papua tengah;fajar_papua;https://fajarpapua.com/2024/03/08/3-278-ekor-mati-karena-virus-asf-larangan-pengiriman-daging-babi-asal-mimika-mulai-diberlakukan-di-wilayah-papua/#google_vignette;"""babi"" ""mati"" ""2024""";27/09/2024;domestic;;;;;
277;29/01/2024;papua tengah;fajar_papua;https://fajarpapua.com/2024/01/29/sudah-240-ekor-babi-mati-terserang-virus-asf-pekan-depan-disnakeswan-mimika-tutup-penjualan-daging-babi/;"""babi"" ""mati"" ""2024""";27/09/2024;domestic;;;;;
278;30/01/2024;papua tengah;antara_papua;https://papua.antaranews.com/berita/715644/dinas-kesehatan-hewan-mimika-sebut-245-ekor-babi-mati-kena-virus-asf;"""babi"" ""mati"" ""2024""";27/09/2024;domestic;;;;;
279;29/01/2024;papua tengah;pojok_papua;https://www.pojokpapua.id/2024/01/29/245-babi-mati-karena-virus-asf-disnak-mimika-keluarkan-imbauan/;"""babi"" ""mati"" ""2024""";27/09/2024;domestic;;;;;
280;12/03/2024;papua tengah;salam_papua;https://salampapua.com/2024/03/babi-mati-di-timika-akibat-virus-asf-makin-bertambah-mencapai-4-250-ekor.html;"""babi"" ""mati"" ""2024""";27/09/2024;domestic;;;;;
281;25/02/2024;papua tengah;nabire;https://www.nabire.net/waduh-sudah-1-726-ternak-babi-di-mimika-mati-akibat-virus-asf/#google_vignette;"""babi"" ""mati"" ""2024""";27/09/2024;domestic;;;;;
282;02/03/2024;papua tengah;fajar_papua;https://fajarpapua.com/2024/03/02/virus-asf-melanda-hingga-ke-kampung-kampung-di-mimika-warga-sp-6-kaget-ada-bangkai-babi-di-sungai/#google_vignette;"""babi"" ""mati"" ""2024""";27/09/2024;domestic;;;;;
283;26/01/2024;papua tengah;salam_papua;https://salampapua.com/2024/01/193-ekor-babi-di-timika-mati-diserang-virus-asf-disnakeswan-larang-pengiriman-keluar-mimika.html;"""babi"" ""mati"" ""2024""";27/09/2024;domestic;;;;;
284;05/03/2024;papua tengah;salam_papua;https://salampapua.com/2024/03/virus-asf-di-mimika-terus-menyebar-pemkab-siapkan-tempat-penguburan-baru-bangkai-babi.html;"""babi"" ""mati"" ""2024""";27/09/2024;domestic;;;;;
285;30/01/2024;papua tengah;tribun_papua;https://papua.tribunnews.com/2024/01/30/diserang-virus-asf-245-ternak-babi-mati-di-timika;"""babi"" ""mati"" ""2024""";27/09/2024;domestic;;;;;
286;22/01/2024;papua tengah;fajar_papua;https://fajarpapua.com/2024/01/22/ditakuti-wabah-asfv-hanya-4-hari-sudah-44-ekor-babi-warga-timika-yang-dilaporkan-mati-disnak-kirim-sampel-ke-loka-vet-jayapura/;"""babi"" ""mati"" ""2024""";27/09/2024;domestic;;;;;
287;06/02/2024;papua tengah;antar_papua;https://antarpapua.com/data-terbaru-519-ekor-babi-di-mimika-mati-terserang-virus-asf-tiga-distrik-masuk-zona-merah/;"""babi"" ""mati"" ""2024""";27/09/2024;domestic;;;;;
288;17/02/2024;papua tengah;tribun_papua;https://papua.tribunnews.com/2024/02/17/ribuan-ternak-babi-di-mimika-mati-diserang-virus-asf-dikuburkan-secara-masal;"""babi"" ""mati"" ""2024""";27/09/2024;domestic;;;;;
289;29/01/2024;papua tengah;salam_papua;https://salampapua.com/2024/01/sudah-245-ekor-babi-di-mimika-mati-terjangkit-asf.html;"""babi"" ""mati"" ""2024""";27/09/2024;domestic;;;;;
290;01/02/2024;papua tengah;tribun_papua;https://papua.tribunnews.com/2024/02/01/cegah-virus-asf-untuk-ternak-babi-simak-9-informasi-penting-di-sini;"""babi"" ""mati"" ""2024""";27/09/2024;domestic;;;;;
